"PlateType","PlateRows","PlateCols","PlateWells","ScreenType","ScoreType","ScoreReference","SaveDirectory","InputDirectory","SignalStatus","SecondaryMarkerStatus","PositiveControlName","NegativeControlName","Row","Col","Well","Condition"
"16x24",16,24,384,"Chemical","Z-score","Negative Control","/Users/dylan/Documents/chemical_screen/ChemDiversity2026/hitpick/gitstage/DownloadCondenScreen/","/Users/dylan/Documents/chemical_screen/ChemDiversity2026/hitpick/gitstage/DownloadCondenScreen/","OFF","ON","WT","DMSO","A",1,"A01",NA
"16x24",16,24,384,"Chemical","Z-score","Negative Control","/Users/dylan/Documents/chemical_screen/ChemDiversity2026/hitpick/gitstage/DownloadCondenScreen/","/Users/dylan/Documents/chemical_screen/ChemDiversity2026/hitpick/gitstage/DownloadCondenScreen/","OFF","ON","WT","DMSO","B",1,"B01","WT"
"16x24",16,24,384,"Chemical","Z-score","Negative Control","/Users/dylan/Documents/chemical_screen/ChemDiversity2026/hitpick/gitstage/DownloadCondenScreen/","/Users/dylan/Documents/chemical_screen/ChemDiversity2026/hitpick/gitstage/DownloadCondenScreen/","OFF","ON","WT","DMSO","C",1,"C01","WT"
"16x24",16,24,384,"Chemical","Z-score","Negative Control","/Users/dylan/Documents/chemical_screen/ChemDiversity2026/hitpick/gitstage/DownloadCondenScreen/","/Users/dylan/Documents/chemical_screen/ChemDiversity2026/hitpick/gitstage/DownloadCondenScreen/","OFF","ON","WT","DMSO","D",1,"D01","WT"
"16x24",16,24,384,"Chemical","Z-score","Negative Control","/Users/dylan/Documents/chemical_screen/ChemDiversity2026/hitpick/gitstage/DownloadCondenScreen/","/Users/dylan/Documents/chemical_screen/ChemDiversity2026/hitpick/gitstage/DownloadCondenScreen/","OFF","ON","WT","DMSO","E",1,"E01","WT"
"16x24",16,24,384,"Chemical","Z-score","Negative Control","/Users/dylan/Documents/chemical_screen/ChemDiversity2026/hitpick/gitstage/DownloadCondenScreen/","/Users/dylan/Documents/chemical_screen/ChemDiversity2026/hitpick/gitstage/DownloadCondenScreen/","OFF","ON","WT","DMSO","F",1,"F01","WT"
"16x24",16,24,384,"Chemical","Z-score","Negative Control","/Users/dylan/Documents/chemical_screen/ChemDiversity2026/hitpick/gitstage/DownloadCondenScreen/","/Users/dylan/Documents/chemical_screen/ChemDiversity2026/hitpick/gitstage/DownloadCondenScreen/","OFF","ON","WT","DMSO","G",1,"G01","WT"
"16x24",16,24,384,"Chemical","Z-score","Negative Control","/Users/dylan/Documents/chemical_screen/ChemDiversity2026/hitpick/gitstage/DownloadCondenScreen/","/Users/dylan/Documents/chemical_screen/ChemDiversity2026/hitpick/gitstage/DownloadCondenScreen/","OFF","ON","WT","DMSO","H",1,"H01","WT"
"16x24",16,24,384,"Chemical","Z-score","Negative Control","/Users/dylan/Documents/chemical_screen/ChemDiversity2026/hitpick/gitstage/DownloadCondenScreen/","/Users/dylan/Documents/chemical_screen/ChemDiversity2026/hitpick/gitstage/DownloadCondenScreen/","OFF","ON","WT","DMSO","I",1,"I01","WT"
"16x24",16,24,384,"Chemical","Z-score","Negative Control","/Users/dylan/Documents/chemical_screen/ChemDiversity2026/hitpick/gitstage/DownloadCondenScreen/","/Users/dylan/Documents/chemical_screen/ChemDiversity2026/hitpick/gitstage/DownloadCondenScreen/","OFF","ON","WT","DMSO","J",1,"J01","WT"
"16x24",16,24,384,"Chemical","Z-score","Negative Control","/Users/dylan/Documents/chemical_screen/ChemDiversity2026/hitpick/gitstage/DownloadCondenScreen/","/Users/dylan/Documents/chemical_screen/ChemDiversity2026/hitpick/gitstage/DownloadCondenScreen/","OFF","ON","WT","DMSO","K",1,"K01","WT"
"16x24",16,24,384,"Chemical","Z-score","Negative Control","/Users/dylan/Documents/chemical_screen/ChemDiversity2026/hitpick/gitstage/DownloadCondenScreen/","/Users/dylan/Documents/chemical_screen/ChemDiversity2026/hitpick/gitstage/DownloadCondenScreen/","OFF","ON","WT","DMSO","L",1,"L01","WT"
"16x24",16,24,384,"Chemical","Z-score","Negative Control","/Users/dylan/Documents/chemical_screen/ChemDiversity2026/hitpick/gitstage/DownloadCondenScreen/","/Users/dylan/Documents/chemical_screen/ChemDiversity2026/hitpick/gitstage/DownloadCondenScreen/","OFF","ON","WT","DMSO","M",1,"M01","WT"
"16x24",16,24,384,"Chemical","Z-score","Negative Control","/Users/dylan/Documents/chemical_screen/ChemDiversity2026/hitpick/gitstage/DownloadCondenScreen/","/Users/dylan/Documents/chemical_screen/ChemDiversity2026/hitpick/gitstage/DownloadCondenScreen/","OFF","ON","WT","DMSO","N",1,"N01","WT"
"16x24",16,24,384,"Chemical","Z-score","Negative Control","/Users/dylan/Documents/chemical_screen/ChemDiversity2026/hitpick/gitstage/DownloadCondenScreen/","/Users/dylan/Documents/chemical_screen/ChemDiversity2026/hitpick/gitstage/DownloadCondenScreen/","OFF","ON","WT","DMSO","O",1,"O01","WT"
"16x24",16,24,384,"Chemical","Z-score","Negative Control","/Users/dylan/Documents/chemical_screen/ChemDiversity2026/hitpick/gitstage/DownloadCondenScreen/","/Users/dylan/Documents/chemical_screen/ChemDiversity2026/hitpick/gitstage/DownloadCondenScreen/","OFF","ON","WT","DMSO","P",1,"P01",NA
"16x24",16,24,384,"Chemical","Z-score","Negative Control","/Users/dylan/Documents/chemical_screen/ChemDiversity2026/hitpick/gitstage/DownloadCondenScreen/","/Users/dylan/Documents/chemical_screen/ChemDiversity2026/hitpick/gitstage/DownloadCondenScreen/","OFF","ON","WT","DMSO","A",2,"A02",NA
"16x24",16,24,384,"Chemical","Z-score","Negative Control","/Users/dylan/Documents/chemical_screen/ChemDiversity2026/hitpick/gitstage/DownloadCondenScreen/","/Users/dylan/Documents/chemical_screen/ChemDiversity2026/hitpick/gitstage/DownloadCondenScreen/","OFF","ON","WT","DMSO","B",2,"B02","WT"
"16x24",16,24,384,"Chemical","Z-score","Negative Control","/Users/dylan/Documents/chemical_screen/ChemDiversity2026/hitpick/gitstage/DownloadCondenScreen/","/Users/dylan/Documents/chemical_screen/ChemDiversity2026/hitpick/gitstage/DownloadCondenScreen/","OFF","ON","WT","DMSO","C",2,"C02","WT"
"16x24",16,24,384,"Chemical","Z-score","Negative Control","/Users/dylan/Documents/chemical_screen/ChemDiversity2026/hitpick/gitstage/DownloadCondenScreen/","/Users/dylan/Documents/chemical_screen/ChemDiversity2026/hitpick/gitstage/DownloadCondenScreen/","OFF","ON","WT","DMSO","D",2,"D02","WT"
"16x24",16,24,384,"Chemical","Z-score","Negative Control","/Users/dylan/Documents/chemical_screen/ChemDiversity2026/hitpick/gitstage/DownloadCondenScreen/","/Users/dylan/Documents/chemical_screen/ChemDiversity2026/hitpick/gitstage/DownloadCondenScreen/","OFF","ON","WT","DMSO","E",2,"E02","WT"
"16x24",16,24,384,"Chemical","Z-score","Negative Control","/Users/dylan/Documents/chemical_screen/ChemDiversity2026/hitpick/gitstage/DownloadCondenScreen/","/Users/dylan/Documents/chemical_screen/ChemDiversity2026/hitpick/gitstage/DownloadCondenScreen/","OFF","ON","WT","DMSO","F",2,"F02","WT"
"16x24",16,24,384,"Chemical","Z-score","Negative Control","/Users/dylan/Documents/chemical_screen/ChemDiversity2026/hitpick/gitstage/DownloadCondenScreen/","/Users/dylan/Documents/chemical_screen/ChemDiversity2026/hitpick/gitstage/DownloadCondenScreen/","OFF","ON","WT","DMSO","G",2,"G02","WT"
"16x24",16,24,384,"Chemical","Z-score","Negative Control","/Users/dylan/Documents/chemical_screen/ChemDiversity2026/hitpick/gitstage/DownloadCondenScreen/","/Users/dylan/Documents/chemical_screen/ChemDiversity2026/hitpick/gitstage/DownloadCondenScreen/","OFF","ON","WT","DMSO","H",2,"H02","WT"
"16x24",16,24,384,"Chemical","Z-score","Negative Control","/Users/dylan/Documents/chemical_screen/ChemDiversity2026/hitpick/gitstage/DownloadCondenScreen/","/Users/dylan/Documents/chemical_screen/ChemDiversity2026/hitpick/gitstage/DownloadCondenScreen/","OFF","ON","WT","DMSO","I",2,"I02","WT"
"16x24",16,24,384,"Chemical","Z-score","Negative Control","/Users/dylan/Documents/chemical_screen/ChemDiversity2026/hitpick/gitstage/DownloadCondenScreen/","/Users/dylan/Documents/chemical_screen/ChemDiversity2026/hitpick/gitstage/DownloadCondenScreen/","OFF","ON","WT","DMSO","J",2,"J02","WT"
"16x24",16,24,384,"Chemical","Z-score","Negative Control","/Users/dylan/Documents/chemical_screen/ChemDiversity2026/hitpick/gitstage/DownloadCondenScreen/","/Users/dylan/Documents/chemical_screen/ChemDiversity2026/hitpick/gitstage/DownloadCondenScreen/","OFF","ON","WT","DMSO","K",2,"K02","WT"
"16x24",16,24,384,"Chemical","Z-score","Negative Control","/Users/dylan/Documents/chemical_screen/ChemDiversity2026/hitpick/gitstage/DownloadCondenScreen/","/Users/dylan/Documents/chemical_screen/ChemDiversity2026/hitpick/gitstage/DownloadCondenScreen/","OFF","ON","WT","DMSO","L",2,"L02","WT"
"16x24",16,24,384,"Chemical","Z-score","Negative Control","/Users/dylan/Documents/chemical_screen/ChemDiversity2026/hitpick/gitstage/DownloadCondenScreen/","/Users/dylan/Documents/chemical_screen/ChemDiversity2026/hitpick/gitstage/DownloadCondenScreen/","OFF","ON","WT","DMSO","M",2,"M02","WT"
"16x24",16,24,384,"Chemical","Z-score","Negative Control","/Users/dylan/Documents/chemical_screen/ChemDiversity2026/hitpick/gitstage/DownloadCondenScreen/","/Users/dylan/Documents/chemical_screen/ChemDiversity2026/hitpick/gitstage/DownloadCondenScreen/","OFF","ON","WT","DMSO","N",2,"N02","WT"
"16x24",16,24,384,"Chemical","Z-score","Negative Control","/Users/dylan/Documents/chemical_screen/ChemDiversity2026/hitpick/gitstage/DownloadCondenScreen/","/Users/dylan/Documents/chemical_screen/ChemDiversity2026/hitpick/gitstage/DownloadCondenScreen/","OFF","ON","WT","DMSO","O",2,"O02","WT"
"16x24",16,24,384,"Chemical","Z-score","Negative Control","/Users/dylan/Documents/chemical_screen/ChemDiversity2026/hitpick/gitstage/DownloadCondenScreen/","/Users/dylan/Documents/chemical_screen/ChemDiversity2026/hitpick/gitstage/DownloadCondenScreen/","OFF","ON","WT","DMSO","P",2,"P02",NA
"16x24",16,24,384,"Chemical","Z-score","Negative Control","/Users/dylan/Documents/chemical_screen/ChemDiversity2026/hitpick/gitstage/DownloadCondenScreen/","/Users/dylan/Documents/chemical_screen/ChemDiversity2026/hitpick/gitstage/DownloadCondenScreen/","OFF","ON","WT","DMSO","A",3,"A03",NA
"16x24",16,24,384,"Chemical","Z-score","Negative Control","/Users/dylan/Documents/chemical_screen/ChemDiversity2026/hitpick/gitstage/DownloadCondenScreen/","/Users/dylan/Documents/chemical_screen/ChemDiversity2026/hitpick/gitstage/DownloadCondenScreen/","OFF","ON","WT","DMSO","B",3,"B03","Test Condition"
"16x24",16,24,384,"Chemical","Z-score","Negative Control","/Users/dylan/Documents/chemical_screen/ChemDiversity2026/hitpick/gitstage/DownloadCondenScreen/","/Users/dylan/Documents/chemical_screen/ChemDiversity2026/hitpick/gitstage/DownloadCondenScreen/","OFF","ON","WT","DMSO","C",3,"C03","Test Condition"
"16x24",16,24,384,"Chemical","Z-score","Negative Control","/Users/dylan/Documents/chemical_screen/ChemDiversity2026/hitpick/gitstage/DownloadCondenScreen/","/Users/dylan/Documents/chemical_screen/ChemDiversity2026/hitpick/gitstage/DownloadCondenScreen/","OFF","ON","WT","DMSO","D",3,"D03","Test Condition"
"16x24",16,24,384,"Chemical","Z-score","Negative Control","/Users/dylan/Documents/chemical_screen/ChemDiversity2026/hitpick/gitstage/DownloadCondenScreen/","/Users/dylan/Documents/chemical_screen/ChemDiversity2026/hitpick/gitstage/DownloadCondenScreen/","OFF","ON","WT","DMSO","E",3,"E03","Test Condition"
"16x24",16,24,384,"Chemical","Z-score","Negative Control","/Users/dylan/Documents/chemical_screen/ChemDiversity2026/hitpick/gitstage/DownloadCondenScreen/","/Users/dylan/Documents/chemical_screen/ChemDiversity2026/hitpick/gitstage/DownloadCondenScreen/","OFF","ON","WT","DMSO","F",3,"F03","Test Condition"
"16x24",16,24,384,"Chemical","Z-score","Negative Control","/Users/dylan/Documents/chemical_screen/ChemDiversity2026/hitpick/gitstage/DownloadCondenScreen/","/Users/dylan/Documents/chemical_screen/ChemDiversity2026/hitpick/gitstage/DownloadCondenScreen/","OFF","ON","WT","DMSO","G",3,"G03","Test Condition"
"16x24",16,24,384,"Chemical","Z-score","Negative Control","/Users/dylan/Documents/chemical_screen/ChemDiversity2026/hitpick/gitstage/DownloadCondenScreen/","/Users/dylan/Documents/chemical_screen/ChemDiversity2026/hitpick/gitstage/DownloadCondenScreen/","OFF","ON","WT","DMSO","H",3,"H03","Test Condition"
"16x24",16,24,384,"Chemical","Z-score","Negative Control","/Users/dylan/Documents/chemical_screen/ChemDiversity2026/hitpick/gitstage/DownloadCondenScreen/","/Users/dylan/Documents/chemical_screen/ChemDiversity2026/hitpick/gitstage/DownloadCondenScreen/","OFF","ON","WT","DMSO","I",3,"I03","Test Condition"
"16x24",16,24,384,"Chemical","Z-score","Negative Control","/Users/dylan/Documents/chemical_screen/ChemDiversity2026/hitpick/gitstage/DownloadCondenScreen/","/Users/dylan/Documents/chemical_screen/ChemDiversity2026/hitpick/gitstage/DownloadCondenScreen/","OFF","ON","WT","DMSO","J",3,"J03","Test Condition"
"16x24",16,24,384,"Chemical","Z-score","Negative Control","/Users/dylan/Documents/chemical_screen/ChemDiversity2026/hitpick/gitstage/DownloadCondenScreen/","/Users/dylan/Documents/chemical_screen/ChemDiversity2026/hitpick/gitstage/DownloadCondenScreen/","OFF","ON","WT","DMSO","K",3,"K03","Test Condition"
"16x24",16,24,384,"Chemical","Z-score","Negative Control","/Users/dylan/Documents/chemical_screen/ChemDiversity2026/hitpick/gitstage/DownloadCondenScreen/","/Users/dylan/Documents/chemical_screen/ChemDiversity2026/hitpick/gitstage/DownloadCondenScreen/","OFF","ON","WT","DMSO","L",3,"L03","Test Condition"
"16x24",16,24,384,"Chemical","Z-score","Negative Control","/Users/dylan/Documents/chemical_screen/ChemDiversity2026/hitpick/gitstage/DownloadCondenScreen/","/Users/dylan/Documents/chemical_screen/ChemDiversity2026/hitpick/gitstage/DownloadCondenScreen/","OFF","ON","WT","DMSO","M",3,"M03","Test Condition"
"16x24",16,24,384,"Chemical","Z-score","Negative Control","/Users/dylan/Documents/chemical_screen/ChemDiversity2026/hitpick/gitstage/DownloadCondenScreen/","/Users/dylan/Documents/chemical_screen/ChemDiversity2026/hitpick/gitstage/DownloadCondenScreen/","OFF","ON","WT","DMSO","N",3,"N03","Test Condition"
"16x24",16,24,384,"Chemical","Z-score","Negative Control","/Users/dylan/Documents/chemical_screen/ChemDiversity2026/hitpick/gitstage/DownloadCondenScreen/","/Users/dylan/Documents/chemical_screen/ChemDiversity2026/hitpick/gitstage/DownloadCondenScreen/","OFF","ON","WT","DMSO","O",3,"O03","Test Condition"
"16x24",16,24,384,"Chemical","Z-score","Negative Control","/Users/dylan/Documents/chemical_screen/ChemDiversity2026/hitpick/gitstage/DownloadCondenScreen/","/Users/dylan/Documents/chemical_screen/ChemDiversity2026/hitpick/gitstage/DownloadCondenScreen/","OFF","ON","WT","DMSO","P",3,"P03",NA
"16x24",16,24,384,"Chemical","Z-score","Negative Control","/Users/dylan/Documents/chemical_screen/ChemDiversity2026/hitpick/gitstage/DownloadCondenScreen/","/Users/dylan/Documents/chemical_screen/ChemDiversity2026/hitpick/gitstage/DownloadCondenScreen/","OFF","ON","WT","DMSO","A",4,"A04",NA
"16x24",16,24,384,"Chemical","Z-score","Negative Control","/Users/dylan/Documents/chemical_screen/ChemDiversity2026/hitpick/gitstage/DownloadCondenScreen/","/Users/dylan/Documents/chemical_screen/ChemDiversity2026/hitpick/gitstage/DownloadCondenScreen/","OFF","ON","WT","DMSO","B",4,"B04","Test Condition"
"16x24",16,24,384,"Chemical","Z-score","Negative Control","/Users/dylan/Documents/chemical_screen/ChemDiversity2026/hitpick/gitstage/DownloadCondenScreen/","/Users/dylan/Documents/chemical_screen/ChemDiversity2026/hitpick/gitstage/DownloadCondenScreen/","OFF","ON","WT","DMSO","C",4,"C04","Test Condition"
"16x24",16,24,384,"Chemical","Z-score","Negative Control","/Users/dylan/Documents/chemical_screen/ChemDiversity2026/hitpick/gitstage/DownloadCondenScreen/","/Users/dylan/Documents/chemical_screen/ChemDiversity2026/hitpick/gitstage/DownloadCondenScreen/","OFF","ON","WT","DMSO","D",4,"D04","Test Condition"
"16x24",16,24,384,"Chemical","Z-score","Negative Control","/Users/dylan/Documents/chemical_screen/ChemDiversity2026/hitpick/gitstage/DownloadCondenScreen/","/Users/dylan/Documents/chemical_screen/ChemDiversity2026/hitpick/gitstage/DownloadCondenScreen/","OFF","ON","WT","DMSO","E",4,"E04","Test Condition"
"16x24",16,24,384,"Chemical","Z-score","Negative Control","/Users/dylan/Documents/chemical_screen/ChemDiversity2026/hitpick/gitstage/DownloadCondenScreen/","/Users/dylan/Documents/chemical_screen/ChemDiversity2026/hitpick/gitstage/DownloadCondenScreen/","OFF","ON","WT","DMSO","F",4,"F04","Test Condition"
"16x24",16,24,384,"Chemical","Z-score","Negative Control","/Users/dylan/Documents/chemical_screen/ChemDiversity2026/hitpick/gitstage/DownloadCondenScreen/","/Users/dylan/Documents/chemical_screen/ChemDiversity2026/hitpick/gitstage/DownloadCondenScreen/","OFF","ON","WT","DMSO","G",4,"G04","Test Condition"
"16x24",16,24,384,"Chemical","Z-score","Negative Control","/Users/dylan/Documents/chemical_screen/ChemDiversity2026/hitpick/gitstage/DownloadCondenScreen/","/Users/dylan/Documents/chemical_screen/ChemDiversity2026/hitpick/gitstage/DownloadCondenScreen/","OFF","ON","WT","DMSO","H",4,"H04","Test Condition"
"16x24",16,24,384,"Chemical","Z-score","Negative Control","/Users/dylan/Documents/chemical_screen/ChemDiversity2026/hitpick/gitstage/DownloadCondenScreen/","/Users/dylan/Documents/chemical_screen/ChemDiversity2026/hitpick/gitstage/DownloadCondenScreen/","OFF","ON","WT","DMSO","I",4,"I04","Test Condition"
"16x24",16,24,384,"Chemical","Z-score","Negative Control","/Users/dylan/Documents/chemical_screen/ChemDiversity2026/hitpick/gitstage/DownloadCondenScreen/","/Users/dylan/Documents/chemical_screen/ChemDiversity2026/hitpick/gitstage/DownloadCondenScreen/","OFF","ON","WT","DMSO","J",4,"J04","Test Condition"
"16x24",16,24,384,"Chemical","Z-score","Negative Control","/Users/dylan/Documents/chemical_screen/ChemDiversity2026/hitpick/gitstage/DownloadCondenScreen/","/Users/dylan/Documents/chemical_screen/ChemDiversity2026/hitpick/gitstage/DownloadCondenScreen/","OFF","ON","WT","DMSO","K",4,"K04","Test Condition"
"16x24",16,24,384,"Chemical","Z-score","Negative Control","/Users/dylan/Documents/chemical_screen/ChemDiversity2026/hitpick/gitstage/DownloadCondenScreen/","/Users/dylan/Documents/chemical_screen/ChemDiversity2026/hitpick/gitstage/DownloadCondenScreen/","OFF","ON","WT","DMSO","L",4,"L04","Test Condition"
"16x24",16,24,384,"Chemical","Z-score","Negative Control","/Users/dylan/Documents/chemical_screen/ChemDiversity2026/hitpick/gitstage/DownloadCondenScreen/","/Users/dylan/Documents/chemical_screen/ChemDiversity2026/hitpick/gitstage/DownloadCondenScreen/","OFF","ON","WT","DMSO","M",4,"M04","Test Condition"
"16x24",16,24,384,"Chemical","Z-score","Negative Control","/Users/dylan/Documents/chemical_screen/ChemDiversity2026/hitpick/gitstage/DownloadCondenScreen/","/Users/dylan/Documents/chemical_screen/ChemDiversity2026/hitpick/gitstage/DownloadCondenScreen/","OFF","ON","WT","DMSO","N",4,"N04","Test Condition"
"16x24",16,24,384,"Chemical","Z-score","Negative Control","/Users/dylan/Documents/chemical_screen/ChemDiversity2026/hitpick/gitstage/DownloadCondenScreen/","/Users/dylan/Documents/chemical_screen/ChemDiversity2026/hitpick/gitstage/DownloadCondenScreen/","OFF","ON","WT","DMSO","O",4,"O04","Test Condition"
"16x24",16,24,384,"Chemical","Z-score","Negative Control","/Users/dylan/Documents/chemical_screen/ChemDiversity2026/hitpick/gitstage/DownloadCondenScreen/","/Users/dylan/Documents/chemical_screen/ChemDiversity2026/hitpick/gitstage/DownloadCondenScreen/","OFF","ON","WT","DMSO","P",4,"P04",NA
"16x24",16,24,384,"Chemical","Z-score","Negative Control","/Users/dylan/Documents/chemical_screen/ChemDiversity2026/hitpick/gitstage/DownloadCondenScreen/","/Users/dylan/Documents/chemical_screen/ChemDiversity2026/hitpick/gitstage/DownloadCondenScreen/","OFF","ON","WT","DMSO","A",5,"A05",NA
"16x24",16,24,384,"Chemical","Z-score","Negative Control","/Users/dylan/Documents/chemical_screen/ChemDiversity2026/hitpick/gitstage/DownloadCondenScreen/","/Users/dylan/Documents/chemical_screen/ChemDiversity2026/hitpick/gitstage/DownloadCondenScreen/","OFF","ON","WT","DMSO","B",5,"B05","Test Condition"
"16x24",16,24,384,"Chemical","Z-score","Negative Control","/Users/dylan/Documents/chemical_screen/ChemDiversity2026/hitpick/gitstage/DownloadCondenScreen/","/Users/dylan/Documents/chemical_screen/ChemDiversity2026/hitpick/gitstage/DownloadCondenScreen/","OFF","ON","WT","DMSO","C",5,"C05","Test Condition"
"16x24",16,24,384,"Chemical","Z-score","Negative Control","/Users/dylan/Documents/chemical_screen/ChemDiversity2026/hitpick/gitstage/DownloadCondenScreen/","/Users/dylan/Documents/chemical_screen/ChemDiversity2026/hitpick/gitstage/DownloadCondenScreen/","OFF","ON","WT","DMSO","D",5,"D05","Test Condition"
"16x24",16,24,384,"Chemical","Z-score","Negative Control","/Users/dylan/Documents/chemical_screen/ChemDiversity2026/hitpick/gitstage/DownloadCondenScreen/","/Users/dylan/Documents/chemical_screen/ChemDiversity2026/hitpick/gitstage/DownloadCondenScreen/","OFF","ON","WT","DMSO","E",5,"E05","Test Condition"
"16x24",16,24,384,"Chemical","Z-score","Negative Control","/Users/dylan/Documents/chemical_screen/ChemDiversity2026/hitpick/gitstage/DownloadCondenScreen/","/Users/dylan/Documents/chemical_screen/ChemDiversity2026/hitpick/gitstage/DownloadCondenScreen/","OFF","ON","WT","DMSO","F",5,"F05","Test Condition"
"16x24",16,24,384,"Chemical","Z-score","Negative Control","/Users/dylan/Documents/chemical_screen/ChemDiversity2026/hitpick/gitstage/DownloadCondenScreen/","/Users/dylan/Documents/chemical_screen/ChemDiversity2026/hitpick/gitstage/DownloadCondenScreen/","OFF","ON","WT","DMSO","G",5,"G05","Test Condition"
"16x24",16,24,384,"Chemical","Z-score","Negative Control","/Users/dylan/Documents/chemical_screen/ChemDiversity2026/hitpick/gitstage/DownloadCondenScreen/","/Users/dylan/Documents/chemical_screen/ChemDiversity2026/hitpick/gitstage/DownloadCondenScreen/","OFF","ON","WT","DMSO","H",5,"H05","Test Condition"
"16x24",16,24,384,"Chemical","Z-score","Negative Control","/Users/dylan/Documents/chemical_screen/ChemDiversity2026/hitpick/gitstage/DownloadCondenScreen/","/Users/dylan/Documents/chemical_screen/ChemDiversity2026/hitpick/gitstage/DownloadCondenScreen/","OFF","ON","WT","DMSO","I",5,"I05","Test Condition"
"16x24",16,24,384,"Chemical","Z-score","Negative Control","/Users/dylan/Documents/chemical_screen/ChemDiversity2026/hitpick/gitstage/DownloadCondenScreen/","/Users/dylan/Documents/chemical_screen/ChemDiversity2026/hitpick/gitstage/DownloadCondenScreen/","OFF","ON","WT","DMSO","J",5,"J05","Test Condition"
"16x24",16,24,384,"Chemical","Z-score","Negative Control","/Users/dylan/Documents/chemical_screen/ChemDiversity2026/hitpick/gitstage/DownloadCondenScreen/","/Users/dylan/Documents/chemical_screen/ChemDiversity2026/hitpick/gitstage/DownloadCondenScreen/","OFF","ON","WT","DMSO","K",5,"K05","Test Condition"
"16x24",16,24,384,"Chemical","Z-score","Negative Control","/Users/dylan/Documents/chemical_screen/ChemDiversity2026/hitpick/gitstage/DownloadCondenScreen/","/Users/dylan/Documents/chemical_screen/ChemDiversity2026/hitpick/gitstage/DownloadCondenScreen/","OFF","ON","WT","DMSO","L",5,"L05","Test Condition"
"16x24",16,24,384,"Chemical","Z-score","Negative Control","/Users/dylan/Documents/chemical_screen/ChemDiversity2026/hitpick/gitstage/DownloadCondenScreen/","/Users/dylan/Documents/chemical_screen/ChemDiversity2026/hitpick/gitstage/DownloadCondenScreen/","OFF","ON","WT","DMSO","M",5,"M05","Test Condition"
"16x24",16,24,384,"Chemical","Z-score","Negative Control","/Users/dylan/Documents/chemical_screen/ChemDiversity2026/hitpick/gitstage/DownloadCondenScreen/","/Users/dylan/Documents/chemical_screen/ChemDiversity2026/hitpick/gitstage/DownloadCondenScreen/","OFF","ON","WT","DMSO","N",5,"N05","Test Condition"
"16x24",16,24,384,"Chemical","Z-score","Negative Control","/Users/dylan/Documents/chemical_screen/ChemDiversity2026/hitpick/gitstage/DownloadCondenScreen/","/Users/dylan/Documents/chemical_screen/ChemDiversity2026/hitpick/gitstage/DownloadCondenScreen/","OFF","ON","WT","DMSO","O",5,"O05","Test Condition"
"16x24",16,24,384,"Chemical","Z-score","Negative Control","/Users/dylan/Documents/chemical_screen/ChemDiversity2026/hitpick/gitstage/DownloadCondenScreen/","/Users/dylan/Documents/chemical_screen/ChemDiversity2026/hitpick/gitstage/DownloadCondenScreen/","OFF","ON","WT","DMSO","P",5,"P05",NA
"16x24",16,24,384,"Chemical","Z-score","Negative Control","/Users/dylan/Documents/chemical_screen/ChemDiversity2026/hitpick/gitstage/DownloadCondenScreen/","/Users/dylan/Documents/chemical_screen/ChemDiversity2026/hitpick/gitstage/DownloadCondenScreen/","OFF","ON","WT","DMSO","A",6,"A06",NA
"16x24",16,24,384,"Chemical","Z-score","Negative Control","/Users/dylan/Documents/chemical_screen/ChemDiversity2026/hitpick/gitstage/DownloadCondenScreen/","/Users/dylan/Documents/chemical_screen/ChemDiversity2026/hitpick/gitstage/DownloadCondenScreen/","OFF","ON","WT","DMSO","B",6,"B06","Test Condition"
"16x24",16,24,384,"Chemical","Z-score","Negative Control","/Users/dylan/Documents/chemical_screen/ChemDiversity2026/hitpick/gitstage/DownloadCondenScreen/","/Users/dylan/Documents/chemical_screen/ChemDiversity2026/hitpick/gitstage/DownloadCondenScreen/","OFF","ON","WT","DMSO","C",6,"C06","Test Condition"
"16x24",16,24,384,"Chemical","Z-score","Negative Control","/Users/dylan/Documents/chemical_screen/ChemDiversity2026/hitpick/gitstage/DownloadCondenScreen/","/Users/dylan/Documents/chemical_screen/ChemDiversity2026/hitpick/gitstage/DownloadCondenScreen/","OFF","ON","WT","DMSO","D",6,"D06","Test Condition"
"16x24",16,24,384,"Chemical","Z-score","Negative Control","/Users/dylan/Documents/chemical_screen/ChemDiversity2026/hitpick/gitstage/DownloadCondenScreen/","/Users/dylan/Documents/chemical_screen/ChemDiversity2026/hitpick/gitstage/DownloadCondenScreen/","OFF","ON","WT","DMSO","E",6,"E06","Test Condition"
"16x24",16,24,384,"Chemical","Z-score","Negative Control","/Users/dylan/Documents/chemical_screen/ChemDiversity2026/hitpick/gitstage/DownloadCondenScreen/","/Users/dylan/Documents/chemical_screen/ChemDiversity2026/hitpick/gitstage/DownloadCondenScreen/","OFF","ON","WT","DMSO","F",6,"F06","Test Condition"
"16x24",16,24,384,"Chemical","Z-score","Negative Control","/Users/dylan/Documents/chemical_screen/ChemDiversity2026/hitpick/gitstage/DownloadCondenScreen/","/Users/dylan/Documents/chemical_screen/ChemDiversity2026/hitpick/gitstage/DownloadCondenScreen/","OFF","ON","WT","DMSO","G",6,"G06","Test Condition"
"16x24",16,24,384,"Chemical","Z-score","Negative Control","/Users/dylan/Documents/chemical_screen/ChemDiversity2026/hitpick/gitstage/DownloadCondenScreen/","/Users/dylan/Documents/chemical_screen/ChemDiversity2026/hitpick/gitstage/DownloadCondenScreen/","OFF","ON","WT","DMSO","H",6,"H06","Test Condition"
"16x24",16,24,384,"Chemical","Z-score","Negative Control","/Users/dylan/Documents/chemical_screen/ChemDiversity2026/hitpick/gitstage/DownloadCondenScreen/","/Users/dylan/Documents/chemical_screen/ChemDiversity2026/hitpick/gitstage/DownloadCondenScreen/","OFF","ON","WT","DMSO","I",6,"I06","Test Condition"
"16x24",16,24,384,"Chemical","Z-score","Negative Control","/Users/dylan/Documents/chemical_screen/ChemDiversity2026/hitpick/gitstage/DownloadCondenScreen/","/Users/dylan/Documents/chemical_screen/ChemDiversity2026/hitpick/gitstage/DownloadCondenScreen/","OFF","ON","WT","DMSO","J",6,"J06","Test Condition"
"16x24",16,24,384,"Chemical","Z-score","Negative Control","/Users/dylan/Documents/chemical_screen/ChemDiversity2026/hitpick/gitstage/DownloadCondenScreen/","/Users/dylan/Documents/chemical_screen/ChemDiversity2026/hitpick/gitstage/DownloadCondenScreen/","OFF","ON","WT","DMSO","K",6,"K06","Test Condition"
"16x24",16,24,384,"Chemical","Z-score","Negative Control","/Users/dylan/Documents/chemical_screen/ChemDiversity2026/hitpick/gitstage/DownloadCondenScreen/","/Users/dylan/Documents/chemical_screen/ChemDiversity2026/hitpick/gitstage/DownloadCondenScreen/","OFF","ON","WT","DMSO","L",6,"L06","Test Condition"
"16x24",16,24,384,"Chemical","Z-score","Negative Control","/Users/dylan/Documents/chemical_screen/ChemDiversity2026/hitpick/gitstage/DownloadCondenScreen/","/Users/dylan/Documents/chemical_screen/ChemDiversity2026/hitpick/gitstage/DownloadCondenScreen/","OFF","ON","WT","DMSO","M",6,"M06","Test Condition"
"16x24",16,24,384,"Chemical","Z-score","Negative Control","/Users/dylan/Documents/chemical_screen/ChemDiversity2026/hitpick/gitstage/DownloadCondenScreen/","/Users/dylan/Documents/chemical_screen/ChemDiversity2026/hitpick/gitstage/DownloadCondenScreen/","OFF","ON","WT","DMSO","N",6,"N06","Test Condition"
"16x24",16,24,384,"Chemical","Z-score","Negative Control","/Users/dylan/Documents/chemical_screen/ChemDiversity2026/hitpick/gitstage/DownloadCondenScreen/","/Users/dylan/Documents/chemical_screen/ChemDiversity2026/hitpick/gitstage/DownloadCondenScreen/","OFF","ON","WT","DMSO","O",6,"O06","Test Condition"
"16x24",16,24,384,"Chemical","Z-score","Negative Control","/Users/dylan/Documents/chemical_screen/ChemDiversity2026/hitpick/gitstage/DownloadCondenScreen/","/Users/dylan/Documents/chemical_screen/ChemDiversity2026/hitpick/gitstage/DownloadCondenScreen/","OFF","ON","WT","DMSO","P",6,"P06",NA
"16x24",16,24,384,"Chemical","Z-score","Negative Control","/Users/dylan/Documents/chemical_screen/ChemDiversity2026/hitpick/gitstage/DownloadCondenScreen/","/Users/dylan/Documents/chemical_screen/ChemDiversity2026/hitpick/gitstage/DownloadCondenScreen/","OFF","ON","WT","DMSO","A",7,"A07",NA
"16x24",16,24,384,"Chemical","Z-score","Negative Control","/Users/dylan/Documents/chemical_screen/ChemDiversity2026/hitpick/gitstage/DownloadCondenScreen/","/Users/dylan/Documents/chemical_screen/ChemDiversity2026/hitpick/gitstage/DownloadCondenScreen/","OFF","ON","WT","DMSO","B",7,"B07","Test Condition"
"16x24",16,24,384,"Chemical","Z-score","Negative Control","/Users/dylan/Documents/chemical_screen/ChemDiversity2026/hitpick/gitstage/DownloadCondenScreen/","/Users/dylan/Documents/chemical_screen/ChemDiversity2026/hitpick/gitstage/DownloadCondenScreen/","OFF","ON","WT","DMSO","C",7,"C07","Test Condition"
"16x24",16,24,384,"Chemical","Z-score","Negative Control","/Users/dylan/Documents/chemical_screen/ChemDiversity2026/hitpick/gitstage/DownloadCondenScreen/","/Users/dylan/Documents/chemical_screen/ChemDiversity2026/hitpick/gitstage/DownloadCondenScreen/","OFF","ON","WT","DMSO","D",7,"D07","Test Condition"
"16x24",16,24,384,"Chemical","Z-score","Negative Control","/Users/dylan/Documents/chemical_screen/ChemDiversity2026/hitpick/gitstage/DownloadCondenScreen/","/Users/dylan/Documents/chemical_screen/ChemDiversity2026/hitpick/gitstage/DownloadCondenScreen/","OFF","ON","WT","DMSO","E",7,"E07","Test Condition"
"16x24",16,24,384,"Chemical","Z-score","Negative Control","/Users/dylan/Documents/chemical_screen/ChemDiversity2026/hitpick/gitstage/DownloadCondenScreen/","/Users/dylan/Documents/chemical_screen/ChemDiversity2026/hitpick/gitstage/DownloadCondenScreen/","OFF","ON","WT","DMSO","F",7,"F07","Test Condition"
"16x24",16,24,384,"Chemical","Z-score","Negative Control","/Users/dylan/Documents/chemical_screen/ChemDiversity2026/hitpick/gitstage/DownloadCondenScreen/","/Users/dylan/Documents/chemical_screen/ChemDiversity2026/hitpick/gitstage/DownloadCondenScreen/","OFF","ON","WT","DMSO","G",7,"G07","Test Condition"
"16x24",16,24,384,"Chemical","Z-score","Negative Control","/Users/dylan/Documents/chemical_screen/ChemDiversity2026/hitpick/gitstage/DownloadCondenScreen/","/Users/dylan/Documents/chemical_screen/ChemDiversity2026/hitpick/gitstage/DownloadCondenScreen/","OFF","ON","WT","DMSO","H",7,"H07","Test Condition"
"16x24",16,24,384,"Chemical","Z-score","Negative Control","/Users/dylan/Documents/chemical_screen/ChemDiversity2026/hitpick/gitstage/DownloadCondenScreen/","/Users/dylan/Documents/chemical_screen/ChemDiversity2026/hitpick/gitstage/DownloadCondenScreen/","OFF","ON","WT","DMSO","I",7,"I07","Test Condition"
"16x24",16,24,384,"Chemical","Z-score","Negative Control","/Users/dylan/Documents/chemical_screen/ChemDiversity2026/hitpick/gitstage/DownloadCondenScreen/","/Users/dylan/Documents/chemical_screen/ChemDiversity2026/hitpick/gitstage/DownloadCondenScreen/","OFF","ON","WT","DMSO","J",7,"J07","Test Condition"
"16x24",16,24,384,"Chemical","Z-score","Negative Control","/Users/dylan/Documents/chemical_screen/ChemDiversity2026/hitpick/gitstage/DownloadCondenScreen/","/Users/dylan/Documents/chemical_screen/ChemDiversity2026/hitpick/gitstage/DownloadCondenScreen/","OFF","ON","WT","DMSO","K",7,"K07","Test Condition"
"16x24",16,24,384,"Chemical","Z-score","Negative Control","/Users/dylan/Documents/chemical_screen/ChemDiversity2026/hitpick/gitstage/DownloadCondenScreen/","/Users/dylan/Documents/chemical_screen/ChemDiversity2026/hitpick/gitstage/DownloadCondenScreen/","OFF","ON","WT","DMSO","L",7,"L07","Test Condition"
"16x24",16,24,384,"Chemical","Z-score","Negative Control","/Users/dylan/Documents/chemical_screen/ChemDiversity2026/hitpick/gitstage/DownloadCondenScreen/","/Users/dylan/Documents/chemical_screen/ChemDiversity2026/hitpick/gitstage/DownloadCondenScreen/","OFF","ON","WT","DMSO","M",7,"M07","Test Condition"
"16x24",16,24,384,"Chemical","Z-score","Negative Control","/Users/dylan/Documents/chemical_screen/ChemDiversity2026/hitpick/gitstage/DownloadCondenScreen/","/Users/dylan/Documents/chemical_screen/ChemDiversity2026/hitpick/gitstage/DownloadCondenScreen/","OFF","ON","WT","DMSO","N",7,"N07","Test Condition"
"16x24",16,24,384,"Chemical","Z-score","Negative Control","/Users/dylan/Documents/chemical_screen/ChemDiversity2026/hitpick/gitstage/DownloadCondenScreen/","/Users/dylan/Documents/chemical_screen/ChemDiversity2026/hitpick/gitstage/DownloadCondenScreen/","OFF","ON","WT","DMSO","O",7,"O07","Test Condition"
"16x24",16,24,384,"Chemical","Z-score","Negative Control","/Users/dylan/Documents/chemical_screen/ChemDiversity2026/hitpick/gitstage/DownloadCondenScreen/","/Users/dylan/Documents/chemical_screen/ChemDiversity2026/hitpick/gitstage/DownloadCondenScreen/","OFF","ON","WT","DMSO","P",7,"P07",NA
"16x24",16,24,384,"Chemical","Z-score","Negative Control","/Users/dylan/Documents/chemical_screen/ChemDiversity2026/hitpick/gitstage/DownloadCondenScreen/","/Users/dylan/Documents/chemical_screen/ChemDiversity2026/hitpick/gitstage/DownloadCondenScreen/","OFF","ON","WT","DMSO","A",8,"A08",NA
"16x24",16,24,384,"Chemical","Z-score","Negative Control","/Users/dylan/Documents/chemical_screen/ChemDiversity2026/hitpick/gitstage/DownloadCondenScreen/","/Users/dylan/Documents/chemical_screen/ChemDiversity2026/hitpick/gitstage/DownloadCondenScreen/","OFF","ON","WT","DMSO","B",8,"B08","Test Condition"
"16x24",16,24,384,"Chemical","Z-score","Negative Control","/Users/dylan/Documents/chemical_screen/ChemDiversity2026/hitpick/gitstage/DownloadCondenScreen/","/Users/dylan/Documents/chemical_screen/ChemDiversity2026/hitpick/gitstage/DownloadCondenScreen/","OFF","ON","WT","DMSO","C",8,"C08","Test Condition"
"16x24",16,24,384,"Chemical","Z-score","Negative Control","/Users/dylan/Documents/chemical_screen/ChemDiversity2026/hitpick/gitstage/DownloadCondenScreen/","/Users/dylan/Documents/chemical_screen/ChemDiversity2026/hitpick/gitstage/DownloadCondenScreen/","OFF","ON","WT","DMSO","D",8,"D08","Test Condition"
"16x24",16,24,384,"Chemical","Z-score","Negative Control","/Users/dylan/Documents/chemical_screen/ChemDiversity2026/hitpick/gitstage/DownloadCondenScreen/","/Users/dylan/Documents/chemical_screen/ChemDiversity2026/hitpick/gitstage/DownloadCondenScreen/","OFF","ON","WT","DMSO","E",8,"E08","Test Condition"
"16x24",16,24,384,"Chemical","Z-score","Negative Control","/Users/dylan/Documents/chemical_screen/ChemDiversity2026/hitpick/gitstage/DownloadCondenScreen/","/Users/dylan/Documents/chemical_screen/ChemDiversity2026/hitpick/gitstage/DownloadCondenScreen/","OFF","ON","WT","DMSO","F",8,"F08","Test Condition"
"16x24",16,24,384,"Chemical","Z-score","Negative Control","/Users/dylan/Documents/chemical_screen/ChemDiversity2026/hitpick/gitstage/DownloadCondenScreen/","/Users/dylan/Documents/chemical_screen/ChemDiversity2026/hitpick/gitstage/DownloadCondenScreen/","OFF","ON","WT","DMSO","G",8,"G08","Test Condition"
"16x24",16,24,384,"Chemical","Z-score","Negative Control","/Users/dylan/Documents/chemical_screen/ChemDiversity2026/hitpick/gitstage/DownloadCondenScreen/","/Users/dylan/Documents/chemical_screen/ChemDiversity2026/hitpick/gitstage/DownloadCondenScreen/","OFF","ON","WT","DMSO","H",8,"H08","Test Condition"
"16x24",16,24,384,"Chemical","Z-score","Negative Control","/Users/dylan/Documents/chemical_screen/ChemDiversity2026/hitpick/gitstage/DownloadCondenScreen/","/Users/dylan/Documents/chemical_screen/ChemDiversity2026/hitpick/gitstage/DownloadCondenScreen/","OFF","ON","WT","DMSO","I",8,"I08","Test Condition"
"16x24",16,24,384,"Chemical","Z-score","Negative Control","/Users/dylan/Documents/chemical_screen/ChemDiversity2026/hitpick/gitstage/DownloadCondenScreen/","/Users/dylan/Documents/chemical_screen/ChemDiversity2026/hitpick/gitstage/DownloadCondenScreen/","OFF","ON","WT","DMSO","J",8,"J08","Test Condition"
"16x24",16,24,384,"Chemical","Z-score","Negative Control","/Users/dylan/Documents/chemical_screen/ChemDiversity2026/hitpick/gitstage/DownloadCondenScreen/","/Users/dylan/Documents/chemical_screen/ChemDiversity2026/hitpick/gitstage/DownloadCondenScreen/","OFF","ON","WT","DMSO","K",8,"K08","Test Condition"
"16x24",16,24,384,"Chemical","Z-score","Negative Control","/Users/dylan/Documents/chemical_screen/ChemDiversity2026/hitpick/gitstage/DownloadCondenScreen/","/Users/dylan/Documents/chemical_screen/ChemDiversity2026/hitpick/gitstage/DownloadCondenScreen/","OFF","ON","WT","DMSO","L",8,"L08","Test Condition"
"16x24",16,24,384,"Chemical","Z-score","Negative Control","/Users/dylan/Documents/chemical_screen/ChemDiversity2026/hitpick/gitstage/DownloadCondenScreen/","/Users/dylan/Documents/chemical_screen/ChemDiversity2026/hitpick/gitstage/DownloadCondenScreen/","OFF","ON","WT","DMSO","M",8,"M08","Test Condition"
"16x24",16,24,384,"Chemical","Z-score","Negative Control","/Users/dylan/Documents/chemical_screen/ChemDiversity2026/hitpick/gitstage/DownloadCondenScreen/","/Users/dylan/Documents/chemical_screen/ChemDiversity2026/hitpick/gitstage/DownloadCondenScreen/","OFF","ON","WT","DMSO","N",8,"N08","Test Condition"
"16x24",16,24,384,"Chemical","Z-score","Negative Control","/Users/dylan/Documents/chemical_screen/ChemDiversity2026/hitpick/gitstage/DownloadCondenScreen/","/Users/dylan/Documents/chemical_screen/ChemDiversity2026/hitpick/gitstage/DownloadCondenScreen/","OFF","ON","WT","DMSO","O",8,"O08","Test Condition"
"16x24",16,24,384,"Chemical","Z-score","Negative Control","/Users/dylan/Documents/chemical_screen/ChemDiversity2026/hitpick/gitstage/DownloadCondenScreen/","/Users/dylan/Documents/chemical_screen/ChemDiversity2026/hitpick/gitstage/DownloadCondenScreen/","OFF","ON","WT","DMSO","P",8,"P08",NA
"16x24",16,24,384,"Chemical","Z-score","Negative Control","/Users/dylan/Documents/chemical_screen/ChemDiversity2026/hitpick/gitstage/DownloadCondenScreen/","/Users/dylan/Documents/chemical_screen/ChemDiversity2026/hitpick/gitstage/DownloadCondenScreen/","OFF","ON","WT","DMSO","A",9,"A09",NA
"16x24",16,24,384,"Chemical","Z-score","Negative Control","/Users/dylan/Documents/chemical_screen/ChemDiversity2026/hitpick/gitstage/DownloadCondenScreen/","/Users/dylan/Documents/chemical_screen/ChemDiversity2026/hitpick/gitstage/DownloadCondenScreen/","OFF","ON","WT","DMSO","B",9,"B09","Test Condition"
"16x24",16,24,384,"Chemical","Z-score","Negative Control","/Users/dylan/Documents/chemical_screen/ChemDiversity2026/hitpick/gitstage/DownloadCondenScreen/","/Users/dylan/Documents/chemical_screen/ChemDiversity2026/hitpick/gitstage/DownloadCondenScreen/","OFF","ON","WT","DMSO","C",9,"C09","Test Condition"
"16x24",16,24,384,"Chemical","Z-score","Negative Control","/Users/dylan/Documents/chemical_screen/ChemDiversity2026/hitpick/gitstage/DownloadCondenScreen/","/Users/dylan/Documents/chemical_screen/ChemDiversity2026/hitpick/gitstage/DownloadCondenScreen/","OFF","ON","WT","DMSO","D",9,"D09","Test Condition"
"16x24",16,24,384,"Chemical","Z-score","Negative Control","/Users/dylan/Documents/chemical_screen/ChemDiversity2026/hitpick/gitstage/DownloadCondenScreen/","/Users/dylan/Documents/chemical_screen/ChemDiversity2026/hitpick/gitstage/DownloadCondenScreen/","OFF","ON","WT","DMSO","E",9,"E09","Test Condition"
"16x24",16,24,384,"Chemical","Z-score","Negative Control","/Users/dylan/Documents/chemical_screen/ChemDiversity2026/hitpick/gitstage/DownloadCondenScreen/","/Users/dylan/Documents/chemical_screen/ChemDiversity2026/hitpick/gitstage/DownloadCondenScreen/","OFF","ON","WT","DMSO","F",9,"F09","Test Condition"
"16x24",16,24,384,"Chemical","Z-score","Negative Control","/Users/dylan/Documents/chemical_screen/ChemDiversity2026/hitpick/gitstage/DownloadCondenScreen/","/Users/dylan/Documents/chemical_screen/ChemDiversity2026/hitpick/gitstage/DownloadCondenScreen/","OFF","ON","WT","DMSO","G",9,"G09","Test Condition"
"16x24",16,24,384,"Chemical","Z-score","Negative Control","/Users/dylan/Documents/chemical_screen/ChemDiversity2026/hitpick/gitstage/DownloadCondenScreen/","/Users/dylan/Documents/chemical_screen/ChemDiversity2026/hitpick/gitstage/DownloadCondenScreen/","OFF","ON","WT","DMSO","H",9,"H09","Test Condition"
"16x24",16,24,384,"Chemical","Z-score","Negative Control","/Users/dylan/Documents/chemical_screen/ChemDiversity2026/hitpick/gitstage/DownloadCondenScreen/","/Users/dylan/Documents/chemical_screen/ChemDiversity2026/hitpick/gitstage/DownloadCondenScreen/","OFF","ON","WT","DMSO","I",9,"I09","Test Condition"
"16x24",16,24,384,"Chemical","Z-score","Negative Control","/Users/dylan/Documents/chemical_screen/ChemDiversity2026/hitpick/gitstage/DownloadCondenScreen/","/Users/dylan/Documents/chemical_screen/ChemDiversity2026/hitpick/gitstage/DownloadCondenScreen/","OFF","ON","WT","DMSO","J",9,"J09","Test Condition"
"16x24",16,24,384,"Chemical","Z-score","Negative Control","/Users/dylan/Documents/chemical_screen/ChemDiversity2026/hitpick/gitstage/DownloadCondenScreen/","/Users/dylan/Documents/chemical_screen/ChemDiversity2026/hitpick/gitstage/DownloadCondenScreen/","OFF","ON","WT","DMSO","K",9,"K09","Test Condition"
"16x24",16,24,384,"Chemical","Z-score","Negative Control","/Users/dylan/Documents/chemical_screen/ChemDiversity2026/hitpick/gitstage/DownloadCondenScreen/","/Users/dylan/Documents/chemical_screen/ChemDiversity2026/hitpick/gitstage/DownloadCondenScreen/","OFF","ON","WT","DMSO","L",9,"L09","Test Condition"
"16x24",16,24,384,"Chemical","Z-score","Negative Control","/Users/dylan/Documents/chemical_screen/ChemDiversity2026/hitpick/gitstage/DownloadCondenScreen/","/Users/dylan/Documents/chemical_screen/ChemDiversity2026/hitpick/gitstage/DownloadCondenScreen/","OFF","ON","WT","DMSO","M",9,"M09","Test Condition"
"16x24",16,24,384,"Chemical","Z-score","Negative Control","/Users/dylan/Documents/chemical_screen/ChemDiversity2026/hitpick/gitstage/DownloadCondenScreen/","/Users/dylan/Documents/chemical_screen/ChemDiversity2026/hitpick/gitstage/DownloadCondenScreen/","OFF","ON","WT","DMSO","N",9,"N09","Test Condition"
"16x24",16,24,384,"Chemical","Z-score","Negative Control","/Users/dylan/Documents/chemical_screen/ChemDiversity2026/hitpick/gitstage/DownloadCondenScreen/","/Users/dylan/Documents/chemical_screen/ChemDiversity2026/hitpick/gitstage/DownloadCondenScreen/","OFF","ON","WT","DMSO","O",9,"O09","Test Condition"
"16x24",16,24,384,"Chemical","Z-score","Negative Control","/Users/dylan/Documents/chemical_screen/ChemDiversity2026/hitpick/gitstage/DownloadCondenScreen/","/Users/dylan/Documents/chemical_screen/ChemDiversity2026/hitpick/gitstage/DownloadCondenScreen/","OFF","ON","WT","DMSO","P",9,"P09",NA
"16x24",16,24,384,"Chemical","Z-score","Negative Control","/Users/dylan/Documents/chemical_screen/ChemDiversity2026/hitpick/gitstage/DownloadCondenScreen/","/Users/dylan/Documents/chemical_screen/ChemDiversity2026/hitpick/gitstage/DownloadCondenScreen/","OFF","ON","WT","DMSO","A",10,"A10",NA
"16x24",16,24,384,"Chemical","Z-score","Negative Control","/Users/dylan/Documents/chemical_screen/ChemDiversity2026/hitpick/gitstage/DownloadCondenScreen/","/Users/dylan/Documents/chemical_screen/ChemDiversity2026/hitpick/gitstage/DownloadCondenScreen/","OFF","ON","WT","DMSO","B",10,"B10","Test Condition"
"16x24",16,24,384,"Chemical","Z-score","Negative Control","/Users/dylan/Documents/chemical_screen/ChemDiversity2026/hitpick/gitstage/DownloadCondenScreen/","/Users/dylan/Documents/chemical_screen/ChemDiversity2026/hitpick/gitstage/DownloadCondenScreen/","OFF","ON","WT","DMSO","C",10,"C10","Test Condition"
"16x24",16,24,384,"Chemical","Z-score","Negative Control","/Users/dylan/Documents/chemical_screen/ChemDiversity2026/hitpick/gitstage/DownloadCondenScreen/","/Users/dylan/Documents/chemical_screen/ChemDiversity2026/hitpick/gitstage/DownloadCondenScreen/","OFF","ON","WT","DMSO","D",10,"D10","Test Condition"
"16x24",16,24,384,"Chemical","Z-score","Negative Control","/Users/dylan/Documents/chemical_screen/ChemDiversity2026/hitpick/gitstage/DownloadCondenScreen/","/Users/dylan/Documents/chemical_screen/ChemDiversity2026/hitpick/gitstage/DownloadCondenScreen/","OFF","ON","WT","DMSO","E",10,"E10","Test Condition"
"16x24",16,24,384,"Chemical","Z-score","Negative Control","/Users/dylan/Documents/chemical_screen/ChemDiversity2026/hitpick/gitstage/DownloadCondenScreen/","/Users/dylan/Documents/chemical_screen/ChemDiversity2026/hitpick/gitstage/DownloadCondenScreen/","OFF","ON","WT","DMSO","F",10,"F10","Test Condition"
"16x24",16,24,384,"Chemical","Z-score","Negative Control","/Users/dylan/Documents/chemical_screen/ChemDiversity2026/hitpick/gitstage/DownloadCondenScreen/","/Users/dylan/Documents/chemical_screen/ChemDiversity2026/hitpick/gitstage/DownloadCondenScreen/","OFF","ON","WT","DMSO","G",10,"G10","Test Condition"
"16x24",16,24,384,"Chemical","Z-score","Negative Control","/Users/dylan/Documents/chemical_screen/ChemDiversity2026/hitpick/gitstage/DownloadCondenScreen/","/Users/dylan/Documents/chemical_screen/ChemDiversity2026/hitpick/gitstage/DownloadCondenScreen/","OFF","ON","WT","DMSO","H",10,"H10","Test Condition"
"16x24",16,24,384,"Chemical","Z-score","Negative Control","/Users/dylan/Documents/chemical_screen/ChemDiversity2026/hitpick/gitstage/DownloadCondenScreen/","/Users/dylan/Documents/chemical_screen/ChemDiversity2026/hitpick/gitstage/DownloadCondenScreen/","OFF","ON","WT","DMSO","I",10,"I10","Test Condition"
"16x24",16,24,384,"Chemical","Z-score","Negative Control","/Users/dylan/Documents/chemical_screen/ChemDiversity2026/hitpick/gitstage/DownloadCondenScreen/","/Users/dylan/Documents/chemical_screen/ChemDiversity2026/hitpick/gitstage/DownloadCondenScreen/","OFF","ON","WT","DMSO","J",10,"J10","Test Condition"
"16x24",16,24,384,"Chemical","Z-score","Negative Control","/Users/dylan/Documents/chemical_screen/ChemDiversity2026/hitpick/gitstage/DownloadCondenScreen/","/Users/dylan/Documents/chemical_screen/ChemDiversity2026/hitpick/gitstage/DownloadCondenScreen/","OFF","ON","WT","DMSO","K",10,"K10","Test Condition"
"16x24",16,24,384,"Chemical","Z-score","Negative Control","/Users/dylan/Documents/chemical_screen/ChemDiversity2026/hitpick/gitstage/DownloadCondenScreen/","/Users/dylan/Documents/chemical_screen/ChemDiversity2026/hitpick/gitstage/DownloadCondenScreen/","OFF","ON","WT","DMSO","L",10,"L10","Test Condition"
"16x24",16,24,384,"Chemical","Z-score","Negative Control","/Users/dylan/Documents/chemical_screen/ChemDiversity2026/hitpick/gitstage/DownloadCondenScreen/","/Users/dylan/Documents/chemical_screen/ChemDiversity2026/hitpick/gitstage/DownloadCondenScreen/","OFF","ON","WT","DMSO","M",10,"M10","Test Condition"
"16x24",16,24,384,"Chemical","Z-score","Negative Control","/Users/dylan/Documents/chemical_screen/ChemDiversity2026/hitpick/gitstage/DownloadCondenScreen/","/Users/dylan/Documents/chemical_screen/ChemDiversity2026/hitpick/gitstage/DownloadCondenScreen/","OFF","ON","WT","DMSO","N",10,"N10","Test Condition"
"16x24",16,24,384,"Chemical","Z-score","Negative Control","/Users/dylan/Documents/chemical_screen/ChemDiversity2026/hitpick/gitstage/DownloadCondenScreen/","/Users/dylan/Documents/chemical_screen/ChemDiversity2026/hitpick/gitstage/DownloadCondenScreen/","OFF","ON","WT","DMSO","O",10,"O10","Test Condition"
"16x24",16,24,384,"Chemical","Z-score","Negative Control","/Users/dylan/Documents/chemical_screen/ChemDiversity2026/hitpick/gitstage/DownloadCondenScreen/","/Users/dylan/Documents/chemical_screen/ChemDiversity2026/hitpick/gitstage/DownloadCondenScreen/","OFF","ON","WT","DMSO","P",10,"P10",NA
"16x24",16,24,384,"Chemical","Z-score","Negative Control","/Users/dylan/Documents/chemical_screen/ChemDiversity2026/hitpick/gitstage/DownloadCondenScreen/","/Users/dylan/Documents/chemical_screen/ChemDiversity2026/hitpick/gitstage/DownloadCondenScreen/","OFF","ON","WT","DMSO","A",11,"A11",NA
"16x24",16,24,384,"Chemical","Z-score","Negative Control","/Users/dylan/Documents/chemical_screen/ChemDiversity2026/hitpick/gitstage/DownloadCondenScreen/","/Users/dylan/Documents/chemical_screen/ChemDiversity2026/hitpick/gitstage/DownloadCondenScreen/","OFF","ON","WT","DMSO","B",11,"B11","Test Condition"
"16x24",16,24,384,"Chemical","Z-score","Negative Control","/Users/dylan/Documents/chemical_screen/ChemDiversity2026/hitpick/gitstage/DownloadCondenScreen/","/Users/dylan/Documents/chemical_screen/ChemDiversity2026/hitpick/gitstage/DownloadCondenScreen/","OFF","ON","WT","DMSO","C",11,"C11","Test Condition"
"16x24",16,24,384,"Chemical","Z-score","Negative Control","/Users/dylan/Documents/chemical_screen/ChemDiversity2026/hitpick/gitstage/DownloadCondenScreen/","/Users/dylan/Documents/chemical_screen/ChemDiversity2026/hitpick/gitstage/DownloadCondenScreen/","OFF","ON","WT","DMSO","D",11,"D11","Test Condition"
"16x24",16,24,384,"Chemical","Z-score","Negative Control","/Users/dylan/Documents/chemical_screen/ChemDiversity2026/hitpick/gitstage/DownloadCondenScreen/","/Users/dylan/Documents/chemical_screen/ChemDiversity2026/hitpick/gitstage/DownloadCondenScreen/","OFF","ON","WT","DMSO","E",11,"E11","Test Condition"
"16x24",16,24,384,"Chemical","Z-score","Negative Control","/Users/dylan/Documents/chemical_screen/ChemDiversity2026/hitpick/gitstage/DownloadCondenScreen/","/Users/dylan/Documents/chemical_screen/ChemDiversity2026/hitpick/gitstage/DownloadCondenScreen/","OFF","ON","WT","DMSO","F",11,"F11","Test Condition"
"16x24",16,24,384,"Chemical","Z-score","Negative Control","/Users/dylan/Documents/chemical_screen/ChemDiversity2026/hitpick/gitstage/DownloadCondenScreen/","/Users/dylan/Documents/chemical_screen/ChemDiversity2026/hitpick/gitstage/DownloadCondenScreen/","OFF","ON","WT","DMSO","G",11,"G11","Test Condition"
"16x24",16,24,384,"Chemical","Z-score","Negative Control","/Users/dylan/Documents/chemical_screen/ChemDiversity2026/hitpick/gitstage/DownloadCondenScreen/","/Users/dylan/Documents/chemical_screen/ChemDiversity2026/hitpick/gitstage/DownloadCondenScreen/","OFF","ON","WT","DMSO","H",11,"H11","Test Condition"
"16x24",16,24,384,"Chemical","Z-score","Negative Control","/Users/dylan/Documents/chemical_screen/ChemDiversity2026/hitpick/gitstage/DownloadCondenScreen/","/Users/dylan/Documents/chemical_screen/ChemDiversity2026/hitpick/gitstage/DownloadCondenScreen/","OFF","ON","WT","DMSO","I",11,"I11","Test Condition"
"16x24",16,24,384,"Chemical","Z-score","Negative Control","/Users/dylan/Documents/chemical_screen/ChemDiversity2026/hitpick/gitstage/DownloadCondenScreen/","/Users/dylan/Documents/chemical_screen/ChemDiversity2026/hitpick/gitstage/DownloadCondenScreen/","OFF","ON","WT","DMSO","J",11,"J11","Test Condition"
"16x24",16,24,384,"Chemical","Z-score","Negative Control","/Users/dylan/Documents/chemical_screen/ChemDiversity2026/hitpick/gitstage/DownloadCondenScreen/","/Users/dylan/Documents/chemical_screen/ChemDiversity2026/hitpick/gitstage/DownloadCondenScreen/","OFF","ON","WT","DMSO","K",11,"K11","Test Condition"
"16x24",16,24,384,"Chemical","Z-score","Negative Control","/Users/dylan/Documents/chemical_screen/ChemDiversity2026/hitpick/gitstage/DownloadCondenScreen/","/Users/dylan/Documents/chemical_screen/ChemDiversity2026/hitpick/gitstage/DownloadCondenScreen/","OFF","ON","WT","DMSO","L",11,"L11","Test Condition"
"16x24",16,24,384,"Chemical","Z-score","Negative Control","/Users/dylan/Documents/chemical_screen/ChemDiversity2026/hitpick/gitstage/DownloadCondenScreen/","/Users/dylan/Documents/chemical_screen/ChemDiversity2026/hitpick/gitstage/DownloadCondenScreen/","OFF","ON","WT","DMSO","M",11,"M11","Test Condition"
"16x24",16,24,384,"Chemical","Z-score","Negative Control","/Users/dylan/Documents/chemical_screen/ChemDiversity2026/hitpick/gitstage/DownloadCondenScreen/","/Users/dylan/Documents/chemical_screen/ChemDiversity2026/hitpick/gitstage/DownloadCondenScreen/","OFF","ON","WT","DMSO","N",11,"N11","Test Condition"
"16x24",16,24,384,"Chemical","Z-score","Negative Control","/Users/dylan/Documents/chemical_screen/ChemDiversity2026/hitpick/gitstage/DownloadCondenScreen/","/Users/dylan/Documents/chemical_screen/ChemDiversity2026/hitpick/gitstage/DownloadCondenScreen/","OFF","ON","WT","DMSO","O",11,"O11","Test Condition"
"16x24",16,24,384,"Chemical","Z-score","Negative Control","/Users/dylan/Documents/chemical_screen/ChemDiversity2026/hitpick/gitstage/DownloadCondenScreen/","/Users/dylan/Documents/chemical_screen/ChemDiversity2026/hitpick/gitstage/DownloadCondenScreen/","OFF","ON","WT","DMSO","P",11,"P11",NA
"16x24",16,24,384,"Chemical","Z-score","Negative Control","/Users/dylan/Documents/chemical_screen/ChemDiversity2026/hitpick/gitstage/DownloadCondenScreen/","/Users/dylan/Documents/chemical_screen/ChemDiversity2026/hitpick/gitstage/DownloadCondenScreen/","OFF","ON","WT","DMSO","A",12,"A12",NA
"16x24",16,24,384,"Chemical","Z-score","Negative Control","/Users/dylan/Documents/chemical_screen/ChemDiversity2026/hitpick/gitstage/DownloadCondenScreen/","/Users/dylan/Documents/chemical_screen/ChemDiversity2026/hitpick/gitstage/DownloadCondenScreen/","OFF","ON","WT","DMSO","B",12,"B12","Test Condition"
"16x24",16,24,384,"Chemical","Z-score","Negative Control","/Users/dylan/Documents/chemical_screen/ChemDiversity2026/hitpick/gitstage/DownloadCondenScreen/","/Users/dylan/Documents/chemical_screen/ChemDiversity2026/hitpick/gitstage/DownloadCondenScreen/","OFF","ON","WT","DMSO","C",12,"C12","Test Condition"
"16x24",16,24,384,"Chemical","Z-score","Negative Control","/Users/dylan/Documents/chemical_screen/ChemDiversity2026/hitpick/gitstage/DownloadCondenScreen/","/Users/dylan/Documents/chemical_screen/ChemDiversity2026/hitpick/gitstage/DownloadCondenScreen/","OFF","ON","WT","DMSO","D",12,"D12","Test Condition"
"16x24",16,24,384,"Chemical","Z-score","Negative Control","/Users/dylan/Documents/chemical_screen/ChemDiversity2026/hitpick/gitstage/DownloadCondenScreen/","/Users/dylan/Documents/chemical_screen/ChemDiversity2026/hitpick/gitstage/DownloadCondenScreen/","OFF","ON","WT","DMSO","E",12,"E12","Test Condition"
"16x24",16,24,384,"Chemical","Z-score","Negative Control","/Users/dylan/Documents/chemical_screen/ChemDiversity2026/hitpick/gitstage/DownloadCondenScreen/","/Users/dylan/Documents/chemical_screen/ChemDiversity2026/hitpick/gitstage/DownloadCondenScreen/","OFF","ON","WT","DMSO","F",12,"F12","Test Condition"
"16x24",16,24,384,"Chemical","Z-score","Negative Control","/Users/dylan/Documents/chemical_screen/ChemDiversity2026/hitpick/gitstage/DownloadCondenScreen/","/Users/dylan/Documents/chemical_screen/ChemDiversity2026/hitpick/gitstage/DownloadCondenScreen/","OFF","ON","WT","DMSO","G",12,"G12","Test Condition"
"16x24",16,24,384,"Chemical","Z-score","Negative Control","/Users/dylan/Documents/chemical_screen/ChemDiversity2026/hitpick/gitstage/DownloadCondenScreen/","/Users/dylan/Documents/chemical_screen/ChemDiversity2026/hitpick/gitstage/DownloadCondenScreen/","OFF","ON","WT","DMSO","H",12,"H12","Test Condition"
"16x24",16,24,384,"Chemical","Z-score","Negative Control","/Users/dylan/Documents/chemical_screen/ChemDiversity2026/hitpick/gitstage/DownloadCondenScreen/","/Users/dylan/Documents/chemical_screen/ChemDiversity2026/hitpick/gitstage/DownloadCondenScreen/","OFF","ON","WT","DMSO","I",12,"I12","Test Condition"
"16x24",16,24,384,"Chemical","Z-score","Negative Control","/Users/dylan/Documents/chemical_screen/ChemDiversity2026/hitpick/gitstage/DownloadCondenScreen/","/Users/dylan/Documents/chemical_screen/ChemDiversity2026/hitpick/gitstage/DownloadCondenScreen/","OFF","ON","WT","DMSO","J",12,"J12","Test Condition"
"16x24",16,24,384,"Chemical","Z-score","Negative Control","/Users/dylan/Documents/chemical_screen/ChemDiversity2026/hitpick/gitstage/DownloadCondenScreen/","/Users/dylan/Documents/chemical_screen/ChemDiversity2026/hitpick/gitstage/DownloadCondenScreen/","OFF","ON","WT","DMSO","K",12,"K12","Test Condition"
"16x24",16,24,384,"Chemical","Z-score","Negative Control","/Users/dylan/Documents/chemical_screen/ChemDiversity2026/hitpick/gitstage/DownloadCondenScreen/","/Users/dylan/Documents/chemical_screen/ChemDiversity2026/hitpick/gitstage/DownloadCondenScreen/","OFF","ON","WT","DMSO","L",12,"L12","Test Condition"
"16x24",16,24,384,"Chemical","Z-score","Negative Control","/Users/dylan/Documents/chemical_screen/ChemDiversity2026/hitpick/gitstage/DownloadCondenScreen/","/Users/dylan/Documents/chemical_screen/ChemDiversity2026/hitpick/gitstage/DownloadCondenScreen/","OFF","ON","WT","DMSO","M",12,"M12","Test Condition"
"16x24",16,24,384,"Chemical","Z-score","Negative Control","/Users/dylan/Documents/chemical_screen/ChemDiversity2026/hitpick/gitstage/DownloadCondenScreen/","/Users/dylan/Documents/chemical_screen/ChemDiversity2026/hitpick/gitstage/DownloadCondenScreen/","OFF","ON","WT","DMSO","N",12,"N12","Test Condition"
"16x24",16,24,384,"Chemical","Z-score","Negative Control","/Users/dylan/Documents/chemical_screen/ChemDiversity2026/hitpick/gitstage/DownloadCondenScreen/","/Users/dylan/Documents/chemical_screen/ChemDiversity2026/hitpick/gitstage/DownloadCondenScreen/","OFF","ON","WT","DMSO","O",12,"O12","Test Condition"
"16x24",16,24,384,"Chemical","Z-score","Negative Control","/Users/dylan/Documents/chemical_screen/ChemDiversity2026/hitpick/gitstage/DownloadCondenScreen/","/Users/dylan/Documents/chemical_screen/ChemDiversity2026/hitpick/gitstage/DownloadCondenScreen/","OFF","ON","WT","DMSO","P",12,"P12",NA
"16x24",16,24,384,"Chemical","Z-score","Negative Control","/Users/dylan/Documents/chemical_screen/ChemDiversity2026/hitpick/gitstage/DownloadCondenScreen/","/Users/dylan/Documents/chemical_screen/ChemDiversity2026/hitpick/gitstage/DownloadCondenScreen/","OFF","ON","WT","DMSO","A",13,"A13",NA
"16x24",16,24,384,"Chemical","Z-score","Negative Control","/Users/dylan/Documents/chemical_screen/ChemDiversity2026/hitpick/gitstage/DownloadCondenScreen/","/Users/dylan/Documents/chemical_screen/ChemDiversity2026/hitpick/gitstage/DownloadCondenScreen/","OFF","ON","WT","DMSO","B",13,"B13","Test Condition"
"16x24",16,24,384,"Chemical","Z-score","Negative Control","/Users/dylan/Documents/chemical_screen/ChemDiversity2026/hitpick/gitstage/DownloadCondenScreen/","/Users/dylan/Documents/chemical_screen/ChemDiversity2026/hitpick/gitstage/DownloadCondenScreen/","OFF","ON","WT","DMSO","C",13,"C13","Test Condition"
"16x24",16,24,384,"Chemical","Z-score","Negative Control","/Users/dylan/Documents/chemical_screen/ChemDiversity2026/hitpick/gitstage/DownloadCondenScreen/","/Users/dylan/Documents/chemical_screen/ChemDiversity2026/hitpick/gitstage/DownloadCondenScreen/","OFF","ON","WT","DMSO","D",13,"D13","Test Condition"
"16x24",16,24,384,"Chemical","Z-score","Negative Control","/Users/dylan/Documents/chemical_screen/ChemDiversity2026/hitpick/gitstage/DownloadCondenScreen/","/Users/dylan/Documents/chemical_screen/ChemDiversity2026/hitpick/gitstage/DownloadCondenScreen/","OFF","ON","WT","DMSO","E",13,"E13","Test Condition"
"16x24",16,24,384,"Chemical","Z-score","Negative Control","/Users/dylan/Documents/chemical_screen/ChemDiversity2026/hitpick/gitstage/DownloadCondenScreen/","/Users/dylan/Documents/chemical_screen/ChemDiversity2026/hitpick/gitstage/DownloadCondenScreen/","OFF","ON","WT","DMSO","F",13,"F13","Test Condition"
"16x24",16,24,384,"Chemical","Z-score","Negative Control","/Users/dylan/Documents/chemical_screen/ChemDiversity2026/hitpick/gitstage/DownloadCondenScreen/","/Users/dylan/Documents/chemical_screen/ChemDiversity2026/hitpick/gitstage/DownloadCondenScreen/","OFF","ON","WT","DMSO","G",13,"G13","Test Condition"
"16x24",16,24,384,"Chemical","Z-score","Negative Control","/Users/dylan/Documents/chemical_screen/ChemDiversity2026/hitpick/gitstage/DownloadCondenScreen/","/Users/dylan/Documents/chemical_screen/ChemDiversity2026/hitpick/gitstage/DownloadCondenScreen/","OFF","ON","WT","DMSO","H",13,"H13","Test Condition"
"16x24",16,24,384,"Chemical","Z-score","Negative Control","/Users/dylan/Documents/chemical_screen/ChemDiversity2026/hitpick/gitstage/DownloadCondenScreen/","/Users/dylan/Documents/chemical_screen/ChemDiversity2026/hitpick/gitstage/DownloadCondenScreen/","OFF","ON","WT","DMSO","I",13,"I13","Test Condition"
"16x24",16,24,384,"Chemical","Z-score","Negative Control","/Users/dylan/Documents/chemical_screen/ChemDiversity2026/hitpick/gitstage/DownloadCondenScreen/","/Users/dylan/Documents/chemical_screen/ChemDiversity2026/hitpick/gitstage/DownloadCondenScreen/","OFF","ON","WT","DMSO","J",13,"J13","Test Condition"
"16x24",16,24,384,"Chemical","Z-score","Negative Control","/Users/dylan/Documents/chemical_screen/ChemDiversity2026/hitpick/gitstage/DownloadCondenScreen/","/Users/dylan/Documents/chemical_screen/ChemDiversity2026/hitpick/gitstage/DownloadCondenScreen/","OFF","ON","WT","DMSO","K",13,"K13","Test Condition"
"16x24",16,24,384,"Chemical","Z-score","Negative Control","/Users/dylan/Documents/chemical_screen/ChemDiversity2026/hitpick/gitstage/DownloadCondenScreen/","/Users/dylan/Documents/chemical_screen/ChemDiversity2026/hitpick/gitstage/DownloadCondenScreen/","OFF","ON","WT","DMSO","L",13,"L13","Test Condition"
"16x24",16,24,384,"Chemical","Z-score","Negative Control","/Users/dylan/Documents/chemical_screen/ChemDiversity2026/hitpick/gitstage/DownloadCondenScreen/","/Users/dylan/Documents/chemical_screen/ChemDiversity2026/hitpick/gitstage/DownloadCondenScreen/","OFF","ON","WT","DMSO","M",13,"M13","Test Condition"
"16x24",16,24,384,"Chemical","Z-score","Negative Control","/Users/dylan/Documents/chemical_screen/ChemDiversity2026/hitpick/gitstage/DownloadCondenScreen/","/Users/dylan/Documents/chemical_screen/ChemDiversity2026/hitpick/gitstage/DownloadCondenScreen/","OFF","ON","WT","DMSO","N",13,"N13","Test Condition"
"16x24",16,24,384,"Chemical","Z-score","Negative Control","/Users/dylan/Documents/chemical_screen/ChemDiversity2026/hitpick/gitstage/DownloadCondenScreen/","/Users/dylan/Documents/chemical_screen/ChemDiversity2026/hitpick/gitstage/DownloadCondenScreen/","OFF","ON","WT","DMSO","O",13,"O13","Test Condition"
"16x24",16,24,384,"Chemical","Z-score","Negative Control","/Users/dylan/Documents/chemical_screen/ChemDiversity2026/hitpick/gitstage/DownloadCondenScreen/","/Users/dylan/Documents/chemical_screen/ChemDiversity2026/hitpick/gitstage/DownloadCondenScreen/","OFF","ON","WT","DMSO","P",13,"P13",NA
"16x24",16,24,384,"Chemical","Z-score","Negative Control","/Users/dylan/Documents/chemical_screen/ChemDiversity2026/hitpick/gitstage/DownloadCondenScreen/","/Users/dylan/Documents/chemical_screen/ChemDiversity2026/hitpick/gitstage/DownloadCondenScreen/","OFF","ON","WT","DMSO","A",14,"A14",NA
"16x24",16,24,384,"Chemical","Z-score","Negative Control","/Users/dylan/Documents/chemical_screen/ChemDiversity2026/hitpick/gitstage/DownloadCondenScreen/","/Users/dylan/Documents/chemical_screen/ChemDiversity2026/hitpick/gitstage/DownloadCondenScreen/","OFF","ON","WT","DMSO","B",14,"B14","Test Condition"
"16x24",16,24,384,"Chemical","Z-score","Negative Control","/Users/dylan/Documents/chemical_screen/ChemDiversity2026/hitpick/gitstage/DownloadCondenScreen/","/Users/dylan/Documents/chemical_screen/ChemDiversity2026/hitpick/gitstage/DownloadCondenScreen/","OFF","ON","WT","DMSO","C",14,"C14","Test Condition"
"16x24",16,24,384,"Chemical","Z-score","Negative Control","/Users/dylan/Documents/chemical_screen/ChemDiversity2026/hitpick/gitstage/DownloadCondenScreen/","/Users/dylan/Documents/chemical_screen/ChemDiversity2026/hitpick/gitstage/DownloadCondenScreen/","OFF","ON","WT","DMSO","D",14,"D14","Test Condition"
"16x24",16,24,384,"Chemical","Z-score","Negative Control","/Users/dylan/Documents/chemical_screen/ChemDiversity2026/hitpick/gitstage/DownloadCondenScreen/","/Users/dylan/Documents/chemical_screen/ChemDiversity2026/hitpick/gitstage/DownloadCondenScreen/","OFF","ON","WT","DMSO","E",14,"E14","Test Condition"
"16x24",16,24,384,"Chemical","Z-score","Negative Control","/Users/dylan/Documents/chemical_screen/ChemDiversity2026/hitpick/gitstage/DownloadCondenScreen/","/Users/dylan/Documents/chemical_screen/ChemDiversity2026/hitpick/gitstage/DownloadCondenScreen/","OFF","ON","WT","DMSO","F",14,"F14","Test Condition"
"16x24",16,24,384,"Chemical","Z-score","Negative Control","/Users/dylan/Documents/chemical_screen/ChemDiversity2026/hitpick/gitstage/DownloadCondenScreen/","/Users/dylan/Documents/chemical_screen/ChemDiversity2026/hitpick/gitstage/DownloadCondenScreen/","OFF","ON","WT","DMSO","G",14,"G14","Test Condition"
"16x24",16,24,384,"Chemical","Z-score","Negative Control","/Users/dylan/Documents/chemical_screen/ChemDiversity2026/hitpick/gitstage/DownloadCondenScreen/","/Users/dylan/Documents/chemical_screen/ChemDiversity2026/hitpick/gitstage/DownloadCondenScreen/","OFF","ON","WT","DMSO","H",14,"H14","Test Condition"
"16x24",16,24,384,"Chemical","Z-score","Negative Control","/Users/dylan/Documents/chemical_screen/ChemDiversity2026/hitpick/gitstage/DownloadCondenScreen/","/Users/dylan/Documents/chemical_screen/ChemDiversity2026/hitpick/gitstage/DownloadCondenScreen/","OFF","ON","WT","DMSO","I",14,"I14","Test Condition"
"16x24",16,24,384,"Chemical","Z-score","Negative Control","/Users/dylan/Documents/chemical_screen/ChemDiversity2026/hitpick/gitstage/DownloadCondenScreen/","/Users/dylan/Documents/chemical_screen/ChemDiversity2026/hitpick/gitstage/DownloadCondenScreen/","OFF","ON","WT","DMSO","J",14,"J14","Test Condition"
"16x24",16,24,384,"Chemical","Z-score","Negative Control","/Users/dylan/Documents/chemical_screen/ChemDiversity2026/hitpick/gitstage/DownloadCondenScreen/","/Users/dylan/Documents/chemical_screen/ChemDiversity2026/hitpick/gitstage/DownloadCondenScreen/","OFF","ON","WT","DMSO","K",14,"K14","Test Condition"
"16x24",16,24,384,"Chemical","Z-score","Negative Control","/Users/dylan/Documents/chemical_screen/ChemDiversity2026/hitpick/gitstage/DownloadCondenScreen/","/Users/dylan/Documents/chemical_screen/ChemDiversity2026/hitpick/gitstage/DownloadCondenScreen/","OFF","ON","WT","DMSO","L",14,"L14","Test Condition"
"16x24",16,24,384,"Chemical","Z-score","Negative Control","/Users/dylan/Documents/chemical_screen/ChemDiversity2026/hitpick/gitstage/DownloadCondenScreen/","/Users/dylan/Documents/chemical_screen/ChemDiversity2026/hitpick/gitstage/DownloadCondenScreen/","OFF","ON","WT","DMSO","M",14,"M14","Test Condition"
"16x24",16,24,384,"Chemical","Z-score","Negative Control","/Users/dylan/Documents/chemical_screen/ChemDiversity2026/hitpick/gitstage/DownloadCondenScreen/","/Users/dylan/Documents/chemical_screen/ChemDiversity2026/hitpick/gitstage/DownloadCondenScreen/","OFF","ON","WT","DMSO","N",14,"N14","Test Condition"
"16x24",16,24,384,"Chemical","Z-score","Negative Control","/Users/dylan/Documents/chemical_screen/ChemDiversity2026/hitpick/gitstage/DownloadCondenScreen/","/Users/dylan/Documents/chemical_screen/ChemDiversity2026/hitpick/gitstage/DownloadCondenScreen/","OFF","ON","WT","DMSO","O",14,"O14","Test Condition"
"16x24",16,24,384,"Chemical","Z-score","Negative Control","/Users/dylan/Documents/chemical_screen/ChemDiversity2026/hitpick/gitstage/DownloadCondenScreen/","/Users/dylan/Documents/chemical_screen/ChemDiversity2026/hitpick/gitstage/DownloadCondenScreen/","OFF","ON","WT","DMSO","P",14,"P14",NA
"16x24",16,24,384,"Chemical","Z-score","Negative Control","/Users/dylan/Documents/chemical_screen/ChemDiversity2026/hitpick/gitstage/DownloadCondenScreen/","/Users/dylan/Documents/chemical_screen/ChemDiversity2026/hitpick/gitstage/DownloadCondenScreen/","OFF","ON","WT","DMSO","A",15,"A15",NA
"16x24",16,24,384,"Chemical","Z-score","Negative Control","/Users/dylan/Documents/chemical_screen/ChemDiversity2026/hitpick/gitstage/DownloadCondenScreen/","/Users/dylan/Documents/chemical_screen/ChemDiversity2026/hitpick/gitstage/DownloadCondenScreen/","OFF","ON","WT","DMSO","B",15,"B15","Test Condition"
"16x24",16,24,384,"Chemical","Z-score","Negative Control","/Users/dylan/Documents/chemical_screen/ChemDiversity2026/hitpick/gitstage/DownloadCondenScreen/","/Users/dylan/Documents/chemical_screen/ChemDiversity2026/hitpick/gitstage/DownloadCondenScreen/","OFF","ON","WT","DMSO","C",15,"C15","Test Condition"
"16x24",16,24,384,"Chemical","Z-score","Negative Control","/Users/dylan/Documents/chemical_screen/ChemDiversity2026/hitpick/gitstage/DownloadCondenScreen/","/Users/dylan/Documents/chemical_screen/ChemDiversity2026/hitpick/gitstage/DownloadCondenScreen/","OFF","ON","WT","DMSO","D",15,"D15","Test Condition"
"16x24",16,24,384,"Chemical","Z-score","Negative Control","/Users/dylan/Documents/chemical_screen/ChemDiversity2026/hitpick/gitstage/DownloadCondenScreen/","/Users/dylan/Documents/chemical_screen/ChemDiversity2026/hitpick/gitstage/DownloadCondenScreen/","OFF","ON","WT","DMSO","E",15,"E15","Test Condition"
"16x24",16,24,384,"Chemical","Z-score","Negative Control","/Users/dylan/Documents/chemical_screen/ChemDiversity2026/hitpick/gitstage/DownloadCondenScreen/","/Users/dylan/Documents/chemical_screen/ChemDiversity2026/hitpick/gitstage/DownloadCondenScreen/","OFF","ON","WT","DMSO","F",15,"F15","Test Condition"
"16x24",16,24,384,"Chemical","Z-score","Negative Control","/Users/dylan/Documents/chemical_screen/ChemDiversity2026/hitpick/gitstage/DownloadCondenScreen/","/Users/dylan/Documents/chemical_screen/ChemDiversity2026/hitpick/gitstage/DownloadCondenScreen/","OFF","ON","WT","DMSO","G",15,"G15","Test Condition"
"16x24",16,24,384,"Chemical","Z-score","Negative Control","/Users/dylan/Documents/chemical_screen/ChemDiversity2026/hitpick/gitstage/DownloadCondenScreen/","/Users/dylan/Documents/chemical_screen/ChemDiversity2026/hitpick/gitstage/DownloadCondenScreen/","OFF","ON","WT","DMSO","H",15,"H15","Test Condition"
"16x24",16,24,384,"Chemical","Z-score","Negative Control","/Users/dylan/Documents/chemical_screen/ChemDiversity2026/hitpick/gitstage/DownloadCondenScreen/","/Users/dylan/Documents/chemical_screen/ChemDiversity2026/hitpick/gitstage/DownloadCondenScreen/","OFF","ON","WT","DMSO","I",15,"I15","Test Condition"
"16x24",16,24,384,"Chemical","Z-score","Negative Control","/Users/dylan/Documents/chemical_screen/ChemDiversity2026/hitpick/gitstage/DownloadCondenScreen/","/Users/dylan/Documents/chemical_screen/ChemDiversity2026/hitpick/gitstage/DownloadCondenScreen/","OFF","ON","WT","DMSO","J",15,"J15","Test Condition"
"16x24",16,24,384,"Chemical","Z-score","Negative Control","/Users/dylan/Documents/chemical_screen/ChemDiversity2026/hitpick/gitstage/DownloadCondenScreen/","/Users/dylan/Documents/chemical_screen/ChemDiversity2026/hitpick/gitstage/DownloadCondenScreen/","OFF","ON","WT","DMSO","K",15,"K15","Test Condition"
"16x24",16,24,384,"Chemical","Z-score","Negative Control","/Users/dylan/Documents/chemical_screen/ChemDiversity2026/hitpick/gitstage/DownloadCondenScreen/","/Users/dylan/Documents/chemical_screen/ChemDiversity2026/hitpick/gitstage/DownloadCondenScreen/","OFF","ON","WT","DMSO","L",15,"L15","Test Condition"
"16x24",16,24,384,"Chemical","Z-score","Negative Control","/Users/dylan/Documents/chemical_screen/ChemDiversity2026/hitpick/gitstage/DownloadCondenScreen/","/Users/dylan/Documents/chemical_screen/ChemDiversity2026/hitpick/gitstage/DownloadCondenScreen/","OFF","ON","WT","DMSO","M",15,"M15","Test Condition"
"16x24",16,24,384,"Chemical","Z-score","Negative Control","/Users/dylan/Documents/chemical_screen/ChemDiversity2026/hitpick/gitstage/DownloadCondenScreen/","/Users/dylan/Documents/chemical_screen/ChemDiversity2026/hitpick/gitstage/DownloadCondenScreen/","OFF","ON","WT","DMSO","N",15,"N15","Test Condition"
"16x24",16,24,384,"Chemical","Z-score","Negative Control","/Users/dylan/Documents/chemical_screen/ChemDiversity2026/hitpick/gitstage/DownloadCondenScreen/","/Users/dylan/Documents/chemical_screen/ChemDiversity2026/hitpick/gitstage/DownloadCondenScreen/","OFF","ON","WT","DMSO","O",15,"O15","Test Condition"
"16x24",16,24,384,"Chemical","Z-score","Negative Control","/Users/dylan/Documents/chemical_screen/ChemDiversity2026/hitpick/gitstage/DownloadCondenScreen/","/Users/dylan/Documents/chemical_screen/ChemDiversity2026/hitpick/gitstage/DownloadCondenScreen/","OFF","ON","WT","DMSO","P",15,"P15",NA
"16x24",16,24,384,"Chemical","Z-score","Negative Control","/Users/dylan/Documents/chemical_screen/ChemDiversity2026/hitpick/gitstage/DownloadCondenScreen/","/Users/dylan/Documents/chemical_screen/ChemDiversity2026/hitpick/gitstage/DownloadCondenScreen/","OFF","ON","WT","DMSO","A",16,"A16",NA
"16x24",16,24,384,"Chemical","Z-score","Negative Control","/Users/dylan/Documents/chemical_screen/ChemDiversity2026/hitpick/gitstage/DownloadCondenScreen/","/Users/dylan/Documents/chemical_screen/ChemDiversity2026/hitpick/gitstage/DownloadCondenScreen/","OFF","ON","WT","DMSO","B",16,"B16","Test Condition"
"16x24",16,24,384,"Chemical","Z-score","Negative Control","/Users/dylan/Documents/chemical_screen/ChemDiversity2026/hitpick/gitstage/DownloadCondenScreen/","/Users/dylan/Documents/chemical_screen/ChemDiversity2026/hitpick/gitstage/DownloadCondenScreen/","OFF","ON","WT","DMSO","C",16,"C16","Test Condition"
"16x24",16,24,384,"Chemical","Z-score","Negative Control","/Users/dylan/Documents/chemical_screen/ChemDiversity2026/hitpick/gitstage/DownloadCondenScreen/","/Users/dylan/Documents/chemical_screen/ChemDiversity2026/hitpick/gitstage/DownloadCondenScreen/","OFF","ON","WT","DMSO","D",16,"D16","Test Condition"
"16x24",16,24,384,"Chemical","Z-score","Negative Control","/Users/dylan/Documents/chemical_screen/ChemDiversity2026/hitpick/gitstage/DownloadCondenScreen/","/Users/dylan/Documents/chemical_screen/ChemDiversity2026/hitpick/gitstage/DownloadCondenScreen/","OFF","ON","WT","DMSO","E",16,"E16","Test Condition"
"16x24",16,24,384,"Chemical","Z-score","Negative Control","/Users/dylan/Documents/chemical_screen/ChemDiversity2026/hitpick/gitstage/DownloadCondenScreen/","/Users/dylan/Documents/chemical_screen/ChemDiversity2026/hitpick/gitstage/DownloadCondenScreen/","OFF","ON","WT","DMSO","F",16,"F16","Test Condition"
"16x24",16,24,384,"Chemical","Z-score","Negative Control","/Users/dylan/Documents/chemical_screen/ChemDiversity2026/hitpick/gitstage/DownloadCondenScreen/","/Users/dylan/Documents/chemical_screen/ChemDiversity2026/hitpick/gitstage/DownloadCondenScreen/","OFF","ON","WT","DMSO","G",16,"G16","Test Condition"
"16x24",16,24,384,"Chemical","Z-score","Negative Control","/Users/dylan/Documents/chemical_screen/ChemDiversity2026/hitpick/gitstage/DownloadCondenScreen/","/Users/dylan/Documents/chemical_screen/ChemDiversity2026/hitpick/gitstage/DownloadCondenScreen/","OFF","ON","WT","DMSO","H",16,"H16","Test Condition"
"16x24",16,24,384,"Chemical","Z-score","Negative Control","/Users/dylan/Documents/chemical_screen/ChemDiversity2026/hitpick/gitstage/DownloadCondenScreen/","/Users/dylan/Documents/chemical_screen/ChemDiversity2026/hitpick/gitstage/DownloadCondenScreen/","OFF","ON","WT","DMSO","I",16,"I16","Test Condition"
"16x24",16,24,384,"Chemical","Z-score","Negative Control","/Users/dylan/Documents/chemical_screen/ChemDiversity2026/hitpick/gitstage/DownloadCondenScreen/","/Users/dylan/Documents/chemical_screen/ChemDiversity2026/hitpick/gitstage/DownloadCondenScreen/","OFF","ON","WT","DMSO","J",16,"J16","Test Condition"
"16x24",16,24,384,"Chemical","Z-score","Negative Control","/Users/dylan/Documents/chemical_screen/ChemDiversity2026/hitpick/gitstage/DownloadCondenScreen/","/Users/dylan/Documents/chemical_screen/ChemDiversity2026/hitpick/gitstage/DownloadCondenScreen/","OFF","ON","WT","DMSO","K",16,"K16","Test Condition"
"16x24",16,24,384,"Chemical","Z-score","Negative Control","/Users/dylan/Documents/chemical_screen/ChemDiversity2026/hitpick/gitstage/DownloadCondenScreen/","/Users/dylan/Documents/chemical_screen/ChemDiversity2026/hitpick/gitstage/DownloadCondenScreen/","OFF","ON","WT","DMSO","L",16,"L16","Test Condition"
"16x24",16,24,384,"Chemical","Z-score","Negative Control","/Users/dylan/Documents/chemical_screen/ChemDiversity2026/hitpick/gitstage/DownloadCondenScreen/","/Users/dylan/Documents/chemical_screen/ChemDiversity2026/hitpick/gitstage/DownloadCondenScreen/","OFF","ON","WT","DMSO","M",16,"M16","Test Condition"
"16x24",16,24,384,"Chemical","Z-score","Negative Control","/Users/dylan/Documents/chemical_screen/ChemDiversity2026/hitpick/gitstage/DownloadCondenScreen/","/Users/dylan/Documents/chemical_screen/ChemDiversity2026/hitpick/gitstage/DownloadCondenScreen/","OFF","ON","WT","DMSO","N",16,"N16","Test Condition"
"16x24",16,24,384,"Chemical","Z-score","Negative Control","/Users/dylan/Documents/chemical_screen/ChemDiversity2026/hitpick/gitstage/DownloadCondenScreen/","/Users/dylan/Documents/chemical_screen/ChemDiversity2026/hitpick/gitstage/DownloadCondenScreen/","OFF","ON","WT","DMSO","O",16,"O16","Test Condition"
"16x24",16,24,384,"Chemical","Z-score","Negative Control","/Users/dylan/Documents/chemical_screen/ChemDiversity2026/hitpick/gitstage/DownloadCondenScreen/","/Users/dylan/Documents/chemical_screen/ChemDiversity2026/hitpick/gitstage/DownloadCondenScreen/","OFF","ON","WT","DMSO","P",16,"P16",NA
"16x24",16,24,384,"Chemical","Z-score","Negative Control","/Users/dylan/Documents/chemical_screen/ChemDiversity2026/hitpick/gitstage/DownloadCondenScreen/","/Users/dylan/Documents/chemical_screen/ChemDiversity2026/hitpick/gitstage/DownloadCondenScreen/","OFF","ON","WT","DMSO","A",17,"A17",NA
"16x24",16,24,384,"Chemical","Z-score","Negative Control","/Users/dylan/Documents/chemical_screen/ChemDiversity2026/hitpick/gitstage/DownloadCondenScreen/","/Users/dylan/Documents/chemical_screen/ChemDiversity2026/hitpick/gitstage/DownloadCondenScreen/","OFF","ON","WT","DMSO","B",17,"B17","Test Condition"
"16x24",16,24,384,"Chemical","Z-score","Negative Control","/Users/dylan/Documents/chemical_screen/ChemDiversity2026/hitpick/gitstage/DownloadCondenScreen/","/Users/dylan/Documents/chemical_screen/ChemDiversity2026/hitpick/gitstage/DownloadCondenScreen/","OFF","ON","WT","DMSO","C",17,"C17","Test Condition"
"16x24",16,24,384,"Chemical","Z-score","Negative Control","/Users/dylan/Documents/chemical_screen/ChemDiversity2026/hitpick/gitstage/DownloadCondenScreen/","/Users/dylan/Documents/chemical_screen/ChemDiversity2026/hitpick/gitstage/DownloadCondenScreen/","OFF","ON","WT","DMSO","D",17,"D17","Test Condition"
"16x24",16,24,384,"Chemical","Z-score","Negative Control","/Users/dylan/Documents/chemical_screen/ChemDiversity2026/hitpick/gitstage/DownloadCondenScreen/","/Users/dylan/Documents/chemical_screen/ChemDiversity2026/hitpick/gitstage/DownloadCondenScreen/","OFF","ON","WT","DMSO","E",17,"E17","Test Condition"
"16x24",16,24,384,"Chemical","Z-score","Negative Control","/Users/dylan/Documents/chemical_screen/ChemDiversity2026/hitpick/gitstage/DownloadCondenScreen/","/Users/dylan/Documents/chemical_screen/ChemDiversity2026/hitpick/gitstage/DownloadCondenScreen/","OFF","ON","WT","DMSO","F",17,"F17","Test Condition"
"16x24",16,24,384,"Chemical","Z-score","Negative Control","/Users/dylan/Documents/chemical_screen/ChemDiversity2026/hitpick/gitstage/DownloadCondenScreen/","/Users/dylan/Documents/chemical_screen/ChemDiversity2026/hitpick/gitstage/DownloadCondenScreen/","OFF","ON","WT","DMSO","G",17,"G17","Test Condition"
"16x24",16,24,384,"Chemical","Z-score","Negative Control","/Users/dylan/Documents/chemical_screen/ChemDiversity2026/hitpick/gitstage/DownloadCondenScreen/","/Users/dylan/Documents/chemical_screen/ChemDiversity2026/hitpick/gitstage/DownloadCondenScreen/","OFF","ON","WT","DMSO","H",17,"H17","Test Condition"
"16x24",16,24,384,"Chemical","Z-score","Negative Control","/Users/dylan/Documents/chemical_screen/ChemDiversity2026/hitpick/gitstage/DownloadCondenScreen/","/Users/dylan/Documents/chemical_screen/ChemDiversity2026/hitpick/gitstage/DownloadCondenScreen/","OFF","ON","WT","DMSO","I",17,"I17","Test Condition"
"16x24",16,24,384,"Chemical","Z-score","Negative Control","/Users/dylan/Documents/chemical_screen/ChemDiversity2026/hitpick/gitstage/DownloadCondenScreen/","/Users/dylan/Documents/chemical_screen/ChemDiversity2026/hitpick/gitstage/DownloadCondenScreen/","OFF","ON","WT","DMSO","J",17,"J17","Test Condition"
"16x24",16,24,384,"Chemical","Z-score","Negative Control","/Users/dylan/Documents/chemical_screen/ChemDiversity2026/hitpick/gitstage/DownloadCondenScreen/","/Users/dylan/Documents/chemical_screen/ChemDiversity2026/hitpick/gitstage/DownloadCondenScreen/","OFF","ON","WT","DMSO","K",17,"K17","Test Condition"
"16x24",16,24,384,"Chemical","Z-score","Negative Control","/Users/dylan/Documents/chemical_screen/ChemDiversity2026/hitpick/gitstage/DownloadCondenScreen/","/Users/dylan/Documents/chemical_screen/ChemDiversity2026/hitpick/gitstage/DownloadCondenScreen/","OFF","ON","WT","DMSO","L",17,"L17","Test Condition"
"16x24",16,24,384,"Chemical","Z-score","Negative Control","/Users/dylan/Documents/chemical_screen/ChemDiversity2026/hitpick/gitstage/DownloadCondenScreen/","/Users/dylan/Documents/chemical_screen/ChemDiversity2026/hitpick/gitstage/DownloadCondenScreen/","OFF","ON","WT","DMSO","M",17,"M17","Test Condition"
"16x24",16,24,384,"Chemical","Z-score","Negative Control","/Users/dylan/Documents/chemical_screen/ChemDiversity2026/hitpick/gitstage/DownloadCondenScreen/","/Users/dylan/Documents/chemical_screen/ChemDiversity2026/hitpick/gitstage/DownloadCondenScreen/","OFF","ON","WT","DMSO","N",17,"N17","Test Condition"
"16x24",16,24,384,"Chemical","Z-score","Negative Control","/Users/dylan/Documents/chemical_screen/ChemDiversity2026/hitpick/gitstage/DownloadCondenScreen/","/Users/dylan/Documents/chemical_screen/ChemDiversity2026/hitpick/gitstage/DownloadCondenScreen/","OFF","ON","WT","DMSO","O",17,"O17","Test Condition"
"16x24",16,24,384,"Chemical","Z-score","Negative Control","/Users/dylan/Documents/chemical_screen/ChemDiversity2026/hitpick/gitstage/DownloadCondenScreen/","/Users/dylan/Documents/chemical_screen/ChemDiversity2026/hitpick/gitstage/DownloadCondenScreen/","OFF","ON","WT","DMSO","P",17,"P17",NA
"16x24",16,24,384,"Chemical","Z-score","Negative Control","/Users/dylan/Documents/chemical_screen/ChemDiversity2026/hitpick/gitstage/DownloadCondenScreen/","/Users/dylan/Documents/chemical_screen/ChemDiversity2026/hitpick/gitstage/DownloadCondenScreen/","OFF","ON","WT","DMSO","A",18,"A18",NA
"16x24",16,24,384,"Chemical","Z-score","Negative Control","/Users/dylan/Documents/chemical_screen/ChemDiversity2026/hitpick/gitstage/DownloadCondenScreen/","/Users/dylan/Documents/chemical_screen/ChemDiversity2026/hitpick/gitstage/DownloadCondenScreen/","OFF","ON","WT","DMSO","B",18,"B18","Test Condition"
"16x24",16,24,384,"Chemical","Z-score","Negative Control","/Users/dylan/Documents/chemical_screen/ChemDiversity2026/hitpick/gitstage/DownloadCondenScreen/","/Users/dylan/Documents/chemical_screen/ChemDiversity2026/hitpick/gitstage/DownloadCondenScreen/","OFF","ON","WT","DMSO","C",18,"C18","Test Condition"
"16x24",16,24,384,"Chemical","Z-score","Negative Control","/Users/dylan/Documents/chemical_screen/ChemDiversity2026/hitpick/gitstage/DownloadCondenScreen/","/Users/dylan/Documents/chemical_screen/ChemDiversity2026/hitpick/gitstage/DownloadCondenScreen/","OFF","ON","WT","DMSO","D",18,"D18","Test Condition"
"16x24",16,24,384,"Chemical","Z-score","Negative Control","/Users/dylan/Documents/chemical_screen/ChemDiversity2026/hitpick/gitstage/DownloadCondenScreen/","/Users/dylan/Documents/chemical_screen/ChemDiversity2026/hitpick/gitstage/DownloadCondenScreen/","OFF","ON","WT","DMSO","E",18,"E18","Test Condition"
"16x24",16,24,384,"Chemical","Z-score","Negative Control","/Users/dylan/Documents/chemical_screen/ChemDiversity2026/hitpick/gitstage/DownloadCondenScreen/","/Users/dylan/Documents/chemical_screen/ChemDiversity2026/hitpick/gitstage/DownloadCondenScreen/","OFF","ON","WT","DMSO","F",18,"F18","Test Condition"
"16x24",16,24,384,"Chemical","Z-score","Negative Control","/Users/dylan/Documents/chemical_screen/ChemDiversity2026/hitpick/gitstage/DownloadCondenScreen/","/Users/dylan/Documents/chemical_screen/ChemDiversity2026/hitpick/gitstage/DownloadCondenScreen/","OFF","ON","WT","DMSO","G",18,"G18","Test Condition"
"16x24",16,24,384,"Chemical","Z-score","Negative Control","/Users/dylan/Documents/chemical_screen/ChemDiversity2026/hitpick/gitstage/DownloadCondenScreen/","/Users/dylan/Documents/chemical_screen/ChemDiversity2026/hitpick/gitstage/DownloadCondenScreen/","OFF","ON","WT","DMSO","H",18,"H18","Test Condition"
"16x24",16,24,384,"Chemical","Z-score","Negative Control","/Users/dylan/Documents/chemical_screen/ChemDiversity2026/hitpick/gitstage/DownloadCondenScreen/","/Users/dylan/Documents/chemical_screen/ChemDiversity2026/hitpick/gitstage/DownloadCondenScreen/","OFF","ON","WT","DMSO","I",18,"I18","Test Condition"
"16x24",16,24,384,"Chemical","Z-score","Negative Control","/Users/dylan/Documents/chemical_screen/ChemDiversity2026/hitpick/gitstage/DownloadCondenScreen/","/Users/dylan/Documents/chemical_screen/ChemDiversity2026/hitpick/gitstage/DownloadCondenScreen/","OFF","ON","WT","DMSO","J",18,"J18","Test Condition"
"16x24",16,24,384,"Chemical","Z-score","Negative Control","/Users/dylan/Documents/chemical_screen/ChemDiversity2026/hitpick/gitstage/DownloadCondenScreen/","/Users/dylan/Documents/chemical_screen/ChemDiversity2026/hitpick/gitstage/DownloadCondenScreen/","OFF","ON","WT","DMSO","K",18,"K18","Test Condition"
"16x24",16,24,384,"Chemical","Z-score","Negative Control","/Users/dylan/Documents/chemical_screen/ChemDiversity2026/hitpick/gitstage/DownloadCondenScreen/","/Users/dylan/Documents/chemical_screen/ChemDiversity2026/hitpick/gitstage/DownloadCondenScreen/","OFF","ON","WT","DMSO","L",18,"L18","Test Condition"
"16x24",16,24,384,"Chemical","Z-score","Negative Control","/Users/dylan/Documents/chemical_screen/ChemDiversity2026/hitpick/gitstage/DownloadCondenScreen/","/Users/dylan/Documents/chemical_screen/ChemDiversity2026/hitpick/gitstage/DownloadCondenScreen/","OFF","ON","WT","DMSO","M",18,"M18","Test Condition"
"16x24",16,24,384,"Chemical","Z-score","Negative Control","/Users/dylan/Documents/chemical_screen/ChemDiversity2026/hitpick/gitstage/DownloadCondenScreen/","/Users/dylan/Documents/chemical_screen/ChemDiversity2026/hitpick/gitstage/DownloadCondenScreen/","OFF","ON","WT","DMSO","N",18,"N18","Test Condition"
"16x24",16,24,384,"Chemical","Z-score","Negative Control","/Users/dylan/Documents/chemical_screen/ChemDiversity2026/hitpick/gitstage/DownloadCondenScreen/","/Users/dylan/Documents/chemical_screen/ChemDiversity2026/hitpick/gitstage/DownloadCondenScreen/","OFF","ON","WT","DMSO","O",18,"O18","Test Condition"
"16x24",16,24,384,"Chemical","Z-score","Negative Control","/Users/dylan/Documents/chemical_screen/ChemDiversity2026/hitpick/gitstage/DownloadCondenScreen/","/Users/dylan/Documents/chemical_screen/ChemDiversity2026/hitpick/gitstage/DownloadCondenScreen/","OFF","ON","WT","DMSO","P",18,"P18",NA
"16x24",16,24,384,"Chemical","Z-score","Negative Control","/Users/dylan/Documents/chemical_screen/ChemDiversity2026/hitpick/gitstage/DownloadCondenScreen/","/Users/dylan/Documents/chemical_screen/ChemDiversity2026/hitpick/gitstage/DownloadCondenScreen/","OFF","ON","WT","DMSO","A",19,"A19",NA
"16x24",16,24,384,"Chemical","Z-score","Negative Control","/Users/dylan/Documents/chemical_screen/ChemDiversity2026/hitpick/gitstage/DownloadCondenScreen/","/Users/dylan/Documents/chemical_screen/ChemDiversity2026/hitpick/gitstage/DownloadCondenScreen/","OFF","ON","WT","DMSO","B",19,"B19","Test Condition"
"16x24",16,24,384,"Chemical","Z-score","Negative Control","/Users/dylan/Documents/chemical_screen/ChemDiversity2026/hitpick/gitstage/DownloadCondenScreen/","/Users/dylan/Documents/chemical_screen/ChemDiversity2026/hitpick/gitstage/DownloadCondenScreen/","OFF","ON","WT","DMSO","C",19,"C19","Test Condition"
"16x24",16,24,384,"Chemical","Z-score","Negative Control","/Users/dylan/Documents/chemical_screen/ChemDiversity2026/hitpick/gitstage/DownloadCondenScreen/","/Users/dylan/Documents/chemical_screen/ChemDiversity2026/hitpick/gitstage/DownloadCondenScreen/","OFF","ON","WT","DMSO","D",19,"D19","Test Condition"
"16x24",16,24,384,"Chemical","Z-score","Negative Control","/Users/dylan/Documents/chemical_screen/ChemDiversity2026/hitpick/gitstage/DownloadCondenScreen/","/Users/dylan/Documents/chemical_screen/ChemDiversity2026/hitpick/gitstage/DownloadCondenScreen/","OFF","ON","WT","DMSO","E",19,"E19","Test Condition"
"16x24",16,24,384,"Chemical","Z-score","Negative Control","/Users/dylan/Documents/chemical_screen/ChemDiversity2026/hitpick/gitstage/DownloadCondenScreen/","/Users/dylan/Documents/chemical_screen/ChemDiversity2026/hitpick/gitstage/DownloadCondenScreen/","OFF","ON","WT","DMSO","F",19,"F19","Test Condition"
"16x24",16,24,384,"Chemical","Z-score","Negative Control","/Users/dylan/Documents/chemical_screen/ChemDiversity2026/hitpick/gitstage/DownloadCondenScreen/","/Users/dylan/Documents/chemical_screen/ChemDiversity2026/hitpick/gitstage/DownloadCondenScreen/","OFF","ON","WT","DMSO","G",19,"G19","Test Condition"
"16x24",16,24,384,"Chemical","Z-score","Negative Control","/Users/dylan/Documents/chemical_screen/ChemDiversity2026/hitpick/gitstage/DownloadCondenScreen/","/Users/dylan/Documents/chemical_screen/ChemDiversity2026/hitpick/gitstage/DownloadCondenScreen/","OFF","ON","WT","DMSO","H",19,"H19","Test Condition"
"16x24",16,24,384,"Chemical","Z-score","Negative Control","/Users/dylan/Documents/chemical_screen/ChemDiversity2026/hitpick/gitstage/DownloadCondenScreen/","/Users/dylan/Documents/chemical_screen/ChemDiversity2026/hitpick/gitstage/DownloadCondenScreen/","OFF","ON","WT","DMSO","I",19,"I19","Test Condition"
"16x24",16,24,384,"Chemical","Z-score","Negative Control","/Users/dylan/Documents/chemical_screen/ChemDiversity2026/hitpick/gitstage/DownloadCondenScreen/","/Users/dylan/Documents/chemical_screen/ChemDiversity2026/hitpick/gitstage/DownloadCondenScreen/","OFF","ON","WT","DMSO","J",19,"J19","Test Condition"
"16x24",16,24,384,"Chemical","Z-score","Negative Control","/Users/dylan/Documents/chemical_screen/ChemDiversity2026/hitpick/gitstage/DownloadCondenScreen/","/Users/dylan/Documents/chemical_screen/ChemDiversity2026/hitpick/gitstage/DownloadCondenScreen/","OFF","ON","WT","DMSO","K",19,"K19","Test Condition"
"16x24",16,24,384,"Chemical","Z-score","Negative Control","/Users/dylan/Documents/chemical_screen/ChemDiversity2026/hitpick/gitstage/DownloadCondenScreen/","/Users/dylan/Documents/chemical_screen/ChemDiversity2026/hitpick/gitstage/DownloadCondenScreen/","OFF","ON","WT","DMSO","L",19,"L19","Test Condition"
"16x24",16,24,384,"Chemical","Z-score","Negative Control","/Users/dylan/Documents/chemical_screen/ChemDiversity2026/hitpick/gitstage/DownloadCondenScreen/","/Users/dylan/Documents/chemical_screen/ChemDiversity2026/hitpick/gitstage/DownloadCondenScreen/","OFF","ON","WT","DMSO","M",19,"M19","Test Condition"
"16x24",16,24,384,"Chemical","Z-score","Negative Control","/Users/dylan/Documents/chemical_screen/ChemDiversity2026/hitpick/gitstage/DownloadCondenScreen/","/Users/dylan/Documents/chemical_screen/ChemDiversity2026/hitpick/gitstage/DownloadCondenScreen/","OFF","ON","WT","DMSO","N",19,"N19","Test Condition"
"16x24",16,24,384,"Chemical","Z-score","Negative Control","/Users/dylan/Documents/chemical_screen/ChemDiversity2026/hitpick/gitstage/DownloadCondenScreen/","/Users/dylan/Documents/chemical_screen/ChemDiversity2026/hitpick/gitstage/DownloadCondenScreen/","OFF","ON","WT","DMSO","O",19,"O19","Test Condition"
"16x24",16,24,384,"Chemical","Z-score","Negative Control","/Users/dylan/Documents/chemical_screen/ChemDiversity2026/hitpick/gitstage/DownloadCondenScreen/","/Users/dylan/Documents/chemical_screen/ChemDiversity2026/hitpick/gitstage/DownloadCondenScreen/","OFF","ON","WT","DMSO","P",19,"P19",NA
"16x24",16,24,384,"Chemical","Z-score","Negative Control","/Users/dylan/Documents/chemical_screen/ChemDiversity2026/hitpick/gitstage/DownloadCondenScreen/","/Users/dylan/Documents/chemical_screen/ChemDiversity2026/hitpick/gitstage/DownloadCondenScreen/","OFF","ON","WT","DMSO","A",20,"A20",NA
"16x24",16,24,384,"Chemical","Z-score","Negative Control","/Users/dylan/Documents/chemical_screen/ChemDiversity2026/hitpick/gitstage/DownloadCondenScreen/","/Users/dylan/Documents/chemical_screen/ChemDiversity2026/hitpick/gitstage/DownloadCondenScreen/","OFF","ON","WT","DMSO","B",20,"B20","Test Condition"
"16x24",16,24,384,"Chemical","Z-score","Negative Control","/Users/dylan/Documents/chemical_screen/ChemDiversity2026/hitpick/gitstage/DownloadCondenScreen/","/Users/dylan/Documents/chemical_screen/ChemDiversity2026/hitpick/gitstage/DownloadCondenScreen/","OFF","ON","WT","DMSO","C",20,"C20","Test Condition"
"16x24",16,24,384,"Chemical","Z-score","Negative Control","/Users/dylan/Documents/chemical_screen/ChemDiversity2026/hitpick/gitstage/DownloadCondenScreen/","/Users/dylan/Documents/chemical_screen/ChemDiversity2026/hitpick/gitstage/DownloadCondenScreen/","OFF","ON","WT","DMSO","D",20,"D20","Test Condition"
"16x24",16,24,384,"Chemical","Z-score","Negative Control","/Users/dylan/Documents/chemical_screen/ChemDiversity2026/hitpick/gitstage/DownloadCondenScreen/","/Users/dylan/Documents/chemical_screen/ChemDiversity2026/hitpick/gitstage/DownloadCondenScreen/","OFF","ON","WT","DMSO","E",20,"E20","Test Condition"
"16x24",16,24,384,"Chemical","Z-score","Negative Control","/Users/dylan/Documents/chemical_screen/ChemDiversity2026/hitpick/gitstage/DownloadCondenScreen/","/Users/dylan/Documents/chemical_screen/ChemDiversity2026/hitpick/gitstage/DownloadCondenScreen/","OFF","ON","WT","DMSO","F",20,"F20","Test Condition"
"16x24",16,24,384,"Chemical","Z-score","Negative Control","/Users/dylan/Documents/chemical_screen/ChemDiversity2026/hitpick/gitstage/DownloadCondenScreen/","/Users/dylan/Documents/chemical_screen/ChemDiversity2026/hitpick/gitstage/DownloadCondenScreen/","OFF","ON","WT","DMSO","G",20,"G20","Test Condition"
"16x24",16,24,384,"Chemical","Z-score","Negative Control","/Users/dylan/Documents/chemical_screen/ChemDiversity2026/hitpick/gitstage/DownloadCondenScreen/","/Users/dylan/Documents/chemical_screen/ChemDiversity2026/hitpick/gitstage/DownloadCondenScreen/","OFF","ON","WT","DMSO","H",20,"H20","Test Condition"
"16x24",16,24,384,"Chemical","Z-score","Negative Control","/Users/dylan/Documents/chemical_screen/ChemDiversity2026/hitpick/gitstage/DownloadCondenScreen/","/Users/dylan/Documents/chemical_screen/ChemDiversity2026/hitpick/gitstage/DownloadCondenScreen/","OFF","ON","WT","DMSO","I",20,"I20","Test Condition"
"16x24",16,24,384,"Chemical","Z-score","Negative Control","/Users/dylan/Documents/chemical_screen/ChemDiversity2026/hitpick/gitstage/DownloadCondenScreen/","/Users/dylan/Documents/chemical_screen/ChemDiversity2026/hitpick/gitstage/DownloadCondenScreen/","OFF","ON","WT","DMSO","J",20,"J20","Test Condition"
"16x24",16,24,384,"Chemical","Z-score","Negative Control","/Users/dylan/Documents/chemical_screen/ChemDiversity2026/hitpick/gitstage/DownloadCondenScreen/","/Users/dylan/Documents/chemical_screen/ChemDiversity2026/hitpick/gitstage/DownloadCondenScreen/","OFF","ON","WT","DMSO","K",20,"K20","Test Condition"
"16x24",16,24,384,"Chemical","Z-score","Negative Control","/Users/dylan/Documents/chemical_screen/ChemDiversity2026/hitpick/gitstage/DownloadCondenScreen/","/Users/dylan/Documents/chemical_screen/ChemDiversity2026/hitpick/gitstage/DownloadCondenScreen/","OFF","ON","WT","DMSO","L",20,"L20","Test Condition"
"16x24",16,24,384,"Chemical","Z-score","Negative Control","/Users/dylan/Documents/chemical_screen/ChemDiversity2026/hitpick/gitstage/DownloadCondenScreen/","/Users/dylan/Documents/chemical_screen/ChemDiversity2026/hitpick/gitstage/DownloadCondenScreen/","OFF","ON","WT","DMSO","M",20,"M20","Test Condition"
"16x24",16,24,384,"Chemical","Z-score","Negative Control","/Users/dylan/Documents/chemical_screen/ChemDiversity2026/hitpick/gitstage/DownloadCondenScreen/","/Users/dylan/Documents/chemical_screen/ChemDiversity2026/hitpick/gitstage/DownloadCondenScreen/","OFF","ON","WT","DMSO","N",20,"N20","Test Condition"
"16x24",16,24,384,"Chemical","Z-score","Negative Control","/Users/dylan/Documents/chemical_screen/ChemDiversity2026/hitpick/gitstage/DownloadCondenScreen/","/Users/dylan/Documents/chemical_screen/ChemDiversity2026/hitpick/gitstage/DownloadCondenScreen/","OFF","ON","WT","DMSO","O",20,"O20","Test Condition"
"16x24",16,24,384,"Chemical","Z-score","Negative Control","/Users/dylan/Documents/chemical_screen/ChemDiversity2026/hitpick/gitstage/DownloadCondenScreen/","/Users/dylan/Documents/chemical_screen/ChemDiversity2026/hitpick/gitstage/DownloadCondenScreen/","OFF","ON","WT","DMSO","P",20,"P20",NA
"16x24",16,24,384,"Chemical","Z-score","Negative Control","/Users/dylan/Documents/chemical_screen/ChemDiversity2026/hitpick/gitstage/DownloadCondenScreen/","/Users/dylan/Documents/chemical_screen/ChemDiversity2026/hitpick/gitstage/DownloadCondenScreen/","OFF","ON","WT","DMSO","A",21,"A21",NA
"16x24",16,24,384,"Chemical","Z-score","Negative Control","/Users/dylan/Documents/chemical_screen/ChemDiversity2026/hitpick/gitstage/DownloadCondenScreen/","/Users/dylan/Documents/chemical_screen/ChemDiversity2026/hitpick/gitstage/DownloadCondenScreen/","OFF","ON","WT","DMSO","B",21,"B21","Test Condition"
"16x24",16,24,384,"Chemical","Z-score","Negative Control","/Users/dylan/Documents/chemical_screen/ChemDiversity2026/hitpick/gitstage/DownloadCondenScreen/","/Users/dylan/Documents/chemical_screen/ChemDiversity2026/hitpick/gitstage/DownloadCondenScreen/","OFF","ON","WT","DMSO","C",21,"C21","Test Condition"
"16x24",16,24,384,"Chemical","Z-score","Negative Control","/Users/dylan/Documents/chemical_screen/ChemDiversity2026/hitpick/gitstage/DownloadCondenScreen/","/Users/dylan/Documents/chemical_screen/ChemDiversity2026/hitpick/gitstage/DownloadCondenScreen/","OFF","ON","WT","DMSO","D",21,"D21","Test Condition"
"16x24",16,24,384,"Chemical","Z-score","Negative Control","/Users/dylan/Documents/chemical_screen/ChemDiversity2026/hitpick/gitstage/DownloadCondenScreen/","/Users/dylan/Documents/chemical_screen/ChemDiversity2026/hitpick/gitstage/DownloadCondenScreen/","OFF","ON","WT","DMSO","E",21,"E21","Test Condition"
"16x24",16,24,384,"Chemical","Z-score","Negative Control","/Users/dylan/Documents/chemical_screen/ChemDiversity2026/hitpick/gitstage/DownloadCondenScreen/","/Users/dylan/Documents/chemical_screen/ChemDiversity2026/hitpick/gitstage/DownloadCondenScreen/","OFF","ON","WT","DMSO","F",21,"F21","Test Condition"
"16x24",16,24,384,"Chemical","Z-score","Negative Control","/Users/dylan/Documents/chemical_screen/ChemDiversity2026/hitpick/gitstage/DownloadCondenScreen/","/Users/dylan/Documents/chemical_screen/ChemDiversity2026/hitpick/gitstage/DownloadCondenScreen/","OFF","ON","WT","DMSO","G",21,"G21","Test Condition"
"16x24",16,24,384,"Chemical","Z-score","Negative Control","/Users/dylan/Documents/chemical_screen/ChemDiversity2026/hitpick/gitstage/DownloadCondenScreen/","/Users/dylan/Documents/chemical_screen/ChemDiversity2026/hitpick/gitstage/DownloadCondenScreen/","OFF","ON","WT","DMSO","H",21,"H21","Test Condition"
"16x24",16,24,384,"Chemical","Z-score","Negative Control","/Users/dylan/Documents/chemical_screen/ChemDiversity2026/hitpick/gitstage/DownloadCondenScreen/","/Users/dylan/Documents/chemical_screen/ChemDiversity2026/hitpick/gitstage/DownloadCondenScreen/","OFF","ON","WT","DMSO","I",21,"I21","Test Condition"
"16x24",16,24,384,"Chemical","Z-score","Negative Control","/Users/dylan/Documents/chemical_screen/ChemDiversity2026/hitpick/gitstage/DownloadCondenScreen/","/Users/dylan/Documents/chemical_screen/ChemDiversity2026/hitpick/gitstage/DownloadCondenScreen/","OFF","ON","WT","DMSO","J",21,"J21","Test Condition"
"16x24",16,24,384,"Chemical","Z-score","Negative Control","/Users/dylan/Documents/chemical_screen/ChemDiversity2026/hitpick/gitstage/DownloadCondenScreen/","/Users/dylan/Documents/chemical_screen/ChemDiversity2026/hitpick/gitstage/DownloadCondenScreen/","OFF","ON","WT","DMSO","K",21,"K21","Test Condition"
"16x24",16,24,384,"Chemical","Z-score","Negative Control","/Users/dylan/Documents/chemical_screen/ChemDiversity2026/hitpick/gitstage/DownloadCondenScreen/","/Users/dylan/Documents/chemical_screen/ChemDiversity2026/hitpick/gitstage/DownloadCondenScreen/","OFF","ON","WT","DMSO","L",21,"L21","Test Condition"
"16x24",16,24,384,"Chemical","Z-score","Negative Control","/Users/dylan/Documents/chemical_screen/ChemDiversity2026/hitpick/gitstage/DownloadCondenScreen/","/Users/dylan/Documents/chemical_screen/ChemDiversity2026/hitpick/gitstage/DownloadCondenScreen/","OFF","ON","WT","DMSO","M",21,"M21","Test Condition"
"16x24",16,24,384,"Chemical","Z-score","Negative Control","/Users/dylan/Documents/chemical_screen/ChemDiversity2026/hitpick/gitstage/DownloadCondenScreen/","/Users/dylan/Documents/chemical_screen/ChemDiversity2026/hitpick/gitstage/DownloadCondenScreen/","OFF","ON","WT","DMSO","N",21,"N21","Test Condition"
"16x24",16,24,384,"Chemical","Z-score","Negative Control","/Users/dylan/Documents/chemical_screen/ChemDiversity2026/hitpick/gitstage/DownloadCondenScreen/","/Users/dylan/Documents/chemical_screen/ChemDiversity2026/hitpick/gitstage/DownloadCondenScreen/","OFF","ON","WT","DMSO","O",21,"O21","Test Condition"
"16x24",16,24,384,"Chemical","Z-score","Negative Control","/Users/dylan/Documents/chemical_screen/ChemDiversity2026/hitpick/gitstage/DownloadCondenScreen/","/Users/dylan/Documents/chemical_screen/ChemDiversity2026/hitpick/gitstage/DownloadCondenScreen/","OFF","ON","WT","DMSO","P",21,"P21",NA
"16x24",16,24,384,"Chemical","Z-score","Negative Control","/Users/dylan/Documents/chemical_screen/ChemDiversity2026/hitpick/gitstage/DownloadCondenScreen/","/Users/dylan/Documents/chemical_screen/ChemDiversity2026/hitpick/gitstage/DownloadCondenScreen/","OFF","ON","WT","DMSO","A",22,"A22",NA
"16x24",16,24,384,"Chemical","Z-score","Negative Control","/Users/dylan/Documents/chemical_screen/ChemDiversity2026/hitpick/gitstage/DownloadCondenScreen/","/Users/dylan/Documents/chemical_screen/ChemDiversity2026/hitpick/gitstage/DownloadCondenScreen/","OFF","ON","WT","DMSO","B",22,"B22","Test Condition"
"16x24",16,24,384,"Chemical","Z-score","Negative Control","/Users/dylan/Documents/chemical_screen/ChemDiversity2026/hitpick/gitstage/DownloadCondenScreen/","/Users/dylan/Documents/chemical_screen/ChemDiversity2026/hitpick/gitstage/DownloadCondenScreen/","OFF","ON","WT","DMSO","C",22,"C22","Test Condition"
"16x24",16,24,384,"Chemical","Z-score","Negative Control","/Users/dylan/Documents/chemical_screen/ChemDiversity2026/hitpick/gitstage/DownloadCondenScreen/","/Users/dylan/Documents/chemical_screen/ChemDiversity2026/hitpick/gitstage/DownloadCondenScreen/","OFF","ON","WT","DMSO","D",22,"D22","Test Condition"
"16x24",16,24,384,"Chemical","Z-score","Negative Control","/Users/dylan/Documents/chemical_screen/ChemDiversity2026/hitpick/gitstage/DownloadCondenScreen/","/Users/dylan/Documents/chemical_screen/ChemDiversity2026/hitpick/gitstage/DownloadCondenScreen/","OFF","ON","WT","DMSO","E",22,"E22","Test Condition"
"16x24",16,24,384,"Chemical","Z-score","Negative Control","/Users/dylan/Documents/chemical_screen/ChemDiversity2026/hitpick/gitstage/DownloadCondenScreen/","/Users/dylan/Documents/chemical_screen/ChemDiversity2026/hitpick/gitstage/DownloadCondenScreen/","OFF","ON","WT","DMSO","F",22,"F22","Test Condition"
"16x24",16,24,384,"Chemical","Z-score","Negative Control","/Users/dylan/Documents/chemical_screen/ChemDiversity2026/hitpick/gitstage/DownloadCondenScreen/","/Users/dylan/Documents/chemical_screen/ChemDiversity2026/hitpick/gitstage/DownloadCondenScreen/","OFF","ON","WT","DMSO","G",22,"G22","Test Condition"
"16x24",16,24,384,"Chemical","Z-score","Negative Control","/Users/dylan/Documents/chemical_screen/ChemDiversity2026/hitpick/gitstage/DownloadCondenScreen/","/Users/dylan/Documents/chemical_screen/ChemDiversity2026/hitpick/gitstage/DownloadCondenScreen/","OFF","ON","WT","DMSO","H",22,"H22","Test Condition"
"16x24",16,24,384,"Chemical","Z-score","Negative Control","/Users/dylan/Documents/chemical_screen/ChemDiversity2026/hitpick/gitstage/DownloadCondenScreen/","/Users/dylan/Documents/chemical_screen/ChemDiversity2026/hitpick/gitstage/DownloadCondenScreen/","OFF","ON","WT","DMSO","I",22,"I22","Test Condition"
"16x24",16,24,384,"Chemical","Z-score","Negative Control","/Users/dylan/Documents/chemical_screen/ChemDiversity2026/hitpick/gitstage/DownloadCondenScreen/","/Users/dylan/Documents/chemical_screen/ChemDiversity2026/hitpick/gitstage/DownloadCondenScreen/","OFF","ON","WT","DMSO","J",22,"J22","Test Condition"
"16x24",16,24,384,"Chemical","Z-score","Negative Control","/Users/dylan/Documents/chemical_screen/ChemDiversity2026/hitpick/gitstage/DownloadCondenScreen/","/Users/dylan/Documents/chemical_screen/ChemDiversity2026/hitpick/gitstage/DownloadCondenScreen/","OFF","ON","WT","DMSO","K",22,"K22","Test Condition"
"16x24",16,24,384,"Chemical","Z-score","Negative Control","/Users/dylan/Documents/chemical_screen/ChemDiversity2026/hitpick/gitstage/DownloadCondenScreen/","/Users/dylan/Documents/chemical_screen/ChemDiversity2026/hitpick/gitstage/DownloadCondenScreen/","OFF","ON","WT","DMSO","L",22,"L22","Test Condition"
"16x24",16,24,384,"Chemical","Z-score","Negative Control","/Users/dylan/Documents/chemical_screen/ChemDiversity2026/hitpick/gitstage/DownloadCondenScreen/","/Users/dylan/Documents/chemical_screen/ChemDiversity2026/hitpick/gitstage/DownloadCondenScreen/","OFF","ON","WT","DMSO","M",22,"M22","Test Condition"
"16x24",16,24,384,"Chemical","Z-score","Negative Control","/Users/dylan/Documents/chemical_screen/ChemDiversity2026/hitpick/gitstage/DownloadCondenScreen/","/Users/dylan/Documents/chemical_screen/ChemDiversity2026/hitpick/gitstage/DownloadCondenScreen/","OFF","ON","WT","DMSO","N",22,"N22","Test Condition"
"16x24",16,24,384,"Chemical","Z-score","Negative Control","/Users/dylan/Documents/chemical_screen/ChemDiversity2026/hitpick/gitstage/DownloadCondenScreen/","/Users/dylan/Documents/chemical_screen/ChemDiversity2026/hitpick/gitstage/DownloadCondenScreen/","OFF","ON","WT","DMSO","O",22,"O22","Test Condition"
"16x24",16,24,384,"Chemical","Z-score","Negative Control","/Users/dylan/Documents/chemical_screen/ChemDiversity2026/hitpick/gitstage/DownloadCondenScreen/","/Users/dylan/Documents/chemical_screen/ChemDiversity2026/hitpick/gitstage/DownloadCondenScreen/","OFF","ON","WT","DMSO","P",22,"P22",NA
"16x24",16,24,384,"Chemical","Z-score","Negative Control","/Users/dylan/Documents/chemical_screen/ChemDiversity2026/hitpick/gitstage/DownloadCondenScreen/","/Users/dylan/Documents/chemical_screen/ChemDiversity2026/hitpick/gitstage/DownloadCondenScreen/","OFF","ON","WT","DMSO","A",23,"A23",NA
"16x24",16,24,384,"Chemical","Z-score","Negative Control","/Users/dylan/Documents/chemical_screen/ChemDiversity2026/hitpick/gitstage/DownloadCondenScreen/","/Users/dylan/Documents/chemical_screen/ChemDiversity2026/hitpick/gitstage/DownloadCondenScreen/","OFF","ON","WT","DMSO","B",23,"B23","DMSO"
"16x24",16,24,384,"Chemical","Z-score","Negative Control","/Users/dylan/Documents/chemical_screen/ChemDiversity2026/hitpick/gitstage/DownloadCondenScreen/","/Users/dylan/Documents/chemical_screen/ChemDiversity2026/hitpick/gitstage/DownloadCondenScreen/","OFF","ON","WT","DMSO","C",23,"C23","DMSO"
"16x24",16,24,384,"Chemical","Z-score","Negative Control","/Users/dylan/Documents/chemical_screen/ChemDiversity2026/hitpick/gitstage/DownloadCondenScreen/","/Users/dylan/Documents/chemical_screen/ChemDiversity2026/hitpick/gitstage/DownloadCondenScreen/","OFF","ON","WT","DMSO","D",23,"D23","DMSO"
"16x24",16,24,384,"Chemical","Z-score","Negative Control","/Users/dylan/Documents/chemical_screen/ChemDiversity2026/hitpick/gitstage/DownloadCondenScreen/","/Users/dylan/Documents/chemical_screen/ChemDiversity2026/hitpick/gitstage/DownloadCondenScreen/","OFF","ON","WT","DMSO","E",23,"E23","DMSO"
"16x24",16,24,384,"Chemical","Z-score","Negative Control","/Users/dylan/Documents/chemical_screen/ChemDiversity2026/hitpick/gitstage/DownloadCondenScreen/","/Users/dylan/Documents/chemical_screen/ChemDiversity2026/hitpick/gitstage/DownloadCondenScreen/","OFF","ON","WT","DMSO","F",23,"F23","DMSO"
"16x24",16,24,384,"Chemical","Z-score","Negative Control","/Users/dylan/Documents/chemical_screen/ChemDiversity2026/hitpick/gitstage/DownloadCondenScreen/","/Users/dylan/Documents/chemical_screen/ChemDiversity2026/hitpick/gitstage/DownloadCondenScreen/","OFF","ON","WT","DMSO","G",23,"G23","DMSO"
"16x24",16,24,384,"Chemical","Z-score","Negative Control","/Users/dylan/Documents/chemical_screen/ChemDiversity2026/hitpick/gitstage/DownloadCondenScreen/","/Users/dylan/Documents/chemical_screen/ChemDiversity2026/hitpick/gitstage/DownloadCondenScreen/","OFF","ON","WT","DMSO","H",23,"H23","DMSO"
"16x24",16,24,384,"Chemical","Z-score","Negative Control","/Users/dylan/Documents/chemical_screen/ChemDiversity2026/hitpick/gitstage/DownloadCondenScreen/","/Users/dylan/Documents/chemical_screen/ChemDiversity2026/hitpick/gitstage/DownloadCondenScreen/","OFF","ON","WT","DMSO","I",23,"I23","DMSO"
"16x24",16,24,384,"Chemical","Z-score","Negative Control","/Users/dylan/Documents/chemical_screen/ChemDiversity2026/hitpick/gitstage/DownloadCondenScreen/","/Users/dylan/Documents/chemical_screen/ChemDiversity2026/hitpick/gitstage/DownloadCondenScreen/","OFF","ON","WT","DMSO","J",23,"J23","DMSO"
"16x24",16,24,384,"Chemical","Z-score","Negative Control","/Users/dylan/Documents/chemical_screen/ChemDiversity2026/hitpick/gitstage/DownloadCondenScreen/","/Users/dylan/Documents/chemical_screen/ChemDiversity2026/hitpick/gitstage/DownloadCondenScreen/","OFF","ON","WT","DMSO","K",23,"K23","DMSO"
"16x24",16,24,384,"Chemical","Z-score","Negative Control","/Users/dylan/Documents/chemical_screen/ChemDiversity2026/hitpick/gitstage/DownloadCondenScreen/","/Users/dylan/Documents/chemical_screen/ChemDiversity2026/hitpick/gitstage/DownloadCondenScreen/","OFF","ON","WT","DMSO","L",23,"L23","DMSO"
"16x24",16,24,384,"Chemical","Z-score","Negative Control","/Users/dylan/Documents/chemical_screen/ChemDiversity2026/hitpick/gitstage/DownloadCondenScreen/","/Users/dylan/Documents/chemical_screen/ChemDiversity2026/hitpick/gitstage/DownloadCondenScreen/","OFF","ON","WT","DMSO","M",23,"M23","DMSO"
"16x24",16,24,384,"Chemical","Z-score","Negative Control","/Users/dylan/Documents/chemical_screen/ChemDiversity2026/hitpick/gitstage/DownloadCondenScreen/","/Users/dylan/Documents/chemical_screen/ChemDiversity2026/hitpick/gitstage/DownloadCondenScreen/","OFF","ON","WT","DMSO","N",23,"N23","DMSO"
"16x24",16,24,384,"Chemical","Z-score","Negative Control","/Users/dylan/Documents/chemical_screen/ChemDiversity2026/hitpick/gitstage/DownloadCondenScreen/","/Users/dylan/Documents/chemical_screen/ChemDiversity2026/hitpick/gitstage/DownloadCondenScreen/","OFF","ON","WT","DMSO","O",23,"O23","DMSO"
"16x24",16,24,384,"Chemical","Z-score","Negative Control","/Users/dylan/Documents/chemical_screen/ChemDiversity2026/hitpick/gitstage/DownloadCondenScreen/","/Users/dylan/Documents/chemical_screen/ChemDiversity2026/hitpick/gitstage/DownloadCondenScreen/","OFF","ON","WT","DMSO","P",23,"P23",NA
"16x24",16,24,384,"Chemical","Z-score","Negative Control","/Users/dylan/Documents/chemical_screen/ChemDiversity2026/hitpick/gitstage/DownloadCondenScreen/","/Users/dylan/Documents/chemical_screen/ChemDiversity2026/hitpick/gitstage/DownloadCondenScreen/","OFF","ON","WT","DMSO","A",24,"A24",NA
"16x24",16,24,384,"Chemical","Z-score","Negative Control","/Users/dylan/Documents/chemical_screen/ChemDiversity2026/hitpick/gitstage/DownloadCondenScreen/","/Users/dylan/Documents/chemical_screen/ChemDiversity2026/hitpick/gitstage/DownloadCondenScreen/","OFF","ON","WT","DMSO","B",24,"B24","DMSO"
"16x24",16,24,384,"Chemical","Z-score","Negative Control","/Users/dylan/Documents/chemical_screen/ChemDiversity2026/hitpick/gitstage/DownloadCondenScreen/","/Users/dylan/Documents/chemical_screen/ChemDiversity2026/hitpick/gitstage/DownloadCondenScreen/","OFF","ON","WT","DMSO","C",24,"C24","DMSO"
"16x24",16,24,384,"Chemical","Z-score","Negative Control","/Users/dylan/Documents/chemical_screen/ChemDiversity2026/hitpick/gitstage/DownloadCondenScreen/","/Users/dylan/Documents/chemical_screen/ChemDiversity2026/hitpick/gitstage/DownloadCondenScreen/","OFF","ON","WT","DMSO","D",24,"D24","DMSO"
"16x24",16,24,384,"Chemical","Z-score","Negative Control","/Users/dylan/Documents/chemical_screen/ChemDiversity2026/hitpick/gitstage/DownloadCondenScreen/","/Users/dylan/Documents/chemical_screen/ChemDiversity2026/hitpick/gitstage/DownloadCondenScreen/","OFF","ON","WT","DMSO","E",24,"E24","DMSO"
"16x24",16,24,384,"Chemical","Z-score","Negative Control","/Users/dylan/Documents/chemical_screen/ChemDiversity2026/hitpick/gitstage/DownloadCondenScreen/","/Users/dylan/Documents/chemical_screen/ChemDiversity2026/hitpick/gitstage/DownloadCondenScreen/","OFF","ON","WT","DMSO","F",24,"F24","DMSO"
"16x24",16,24,384,"Chemical","Z-score","Negative Control","/Users/dylan/Documents/chemical_screen/ChemDiversity2026/hitpick/gitstage/DownloadCondenScreen/","/Users/dylan/Documents/chemical_screen/ChemDiversity2026/hitpick/gitstage/DownloadCondenScreen/","OFF","ON","WT","DMSO","G",24,"G24","DMSO"
"16x24",16,24,384,"Chemical","Z-score","Negative Control","/Users/dylan/Documents/chemical_screen/ChemDiversity2026/hitpick/gitstage/DownloadCondenScreen/","/Users/dylan/Documents/chemical_screen/ChemDiversity2026/hitpick/gitstage/DownloadCondenScreen/","OFF","ON","WT","DMSO","H",24,"H24","DMSO"
"16x24",16,24,384,"Chemical","Z-score","Negative Control","/Users/dylan/Documents/chemical_screen/ChemDiversity2026/hitpick/gitstage/DownloadCondenScreen/","/Users/dylan/Documents/chemical_screen/ChemDiversity2026/hitpick/gitstage/DownloadCondenScreen/","OFF","ON","WT","DMSO","I",24,"I24","DMSO"
"16x24",16,24,384,"Chemical","Z-score","Negative Control","/Users/dylan/Documents/chemical_screen/ChemDiversity2026/hitpick/gitstage/DownloadCondenScreen/","/Users/dylan/Documents/chemical_screen/ChemDiversity2026/hitpick/gitstage/DownloadCondenScreen/","OFF","ON","WT","DMSO","J",24,"J24","DMSO"
"16x24",16,24,384,"Chemical","Z-score","Negative Control","/Users/dylan/Documents/chemical_screen/ChemDiversity2026/hitpick/gitstage/DownloadCondenScreen/","/Users/dylan/Documents/chemical_screen/ChemDiversity2026/hitpick/gitstage/DownloadCondenScreen/","OFF","ON","WT","DMSO","K",24,"K24","DMSO"
"16x24",16,24,384,"Chemical","Z-score","Negative Control","/Users/dylan/Documents/chemical_screen/ChemDiversity2026/hitpick/gitstage/DownloadCondenScreen/","/Users/dylan/Documents/chemical_screen/ChemDiversity2026/hitpick/gitstage/DownloadCondenScreen/","OFF","ON","WT","DMSO","L",24,"L24","DMSO"
"16x24",16,24,384,"Chemical","Z-score","Negative Control","/Users/dylan/Documents/chemical_screen/ChemDiversity2026/hitpick/gitstage/DownloadCondenScreen/","/Users/dylan/Documents/chemical_screen/ChemDiversity2026/hitpick/gitstage/DownloadCondenScreen/","OFF","ON","WT","DMSO","M",24,"M24","DMSO"
"16x24",16,24,384,"Chemical","Z-score","Negative Control","/Users/dylan/Documents/chemical_screen/ChemDiversity2026/hitpick/gitstage/DownloadCondenScreen/","/Users/dylan/Documents/chemical_screen/ChemDiversity2026/hitpick/gitstage/DownloadCondenScreen/","OFF","ON","WT","DMSO","N",24,"N24","DMSO"
"16x24",16,24,384,"Chemical","Z-score","Negative Control","/Users/dylan/Documents/chemical_screen/ChemDiversity2026/hitpick/gitstage/DownloadCondenScreen/","/Users/dylan/Documents/chemical_screen/ChemDiversity2026/hitpick/gitstage/DownloadCondenScreen/","OFF","ON","WT","DMSO","O",24,"O24","DMSO"
"16x24",16,24,384,"Chemical","Z-score","Negative Control","/Users/dylan/Documents/chemical_screen/ChemDiversity2026/hitpick/gitstage/DownloadCondenScreen/","/Users/dylan/Documents/chemical_screen/ChemDiversity2026/hitpick/gitstage/DownloadCondenScreen/","OFF","ON","WT","DMSO","P",24,"P24",NA
